id,first_name,last_name,email,gender,ip_address,time,date,department
1,Jammal,McGreay,jmcgreay0@storify.com,Male,144.223.206.207,1:57 AM,8/28/2022,Legal
2,Petrina,Merriday,pmerriday1@is.gd,Female,71.167.3.87,6:44 PM,6/17/2022,Human Resources
3,Foskew,gfoskew2@aboutads.info,Female,21.28.163.117,10:14 PM,2/12/2022,Human Resources
4,Rhule,jrhule3@forbes.com,Female,71.181.100.21,4:59 PM,11/23/2022,Engineering
5,Colbron,mcolbron4@vistaprint.com,Genderfluid,144.112.88.50,4:14 PM,1/31/2022,Support
6,Surgeon,nsurgeon5@webs.com,Female,80.204.138.237,6:48 PM,3/23/2022,Training
7,Grosvenor,bgrosvenor6@woothemes.com,Male,225.37.89.102,5:23 AM,6/3/2022,Services
8,MacPeake,kmacpeake7@nifty.com,Male,196.241.70.222,12:17 PM,11/4/2022,Sales
9,Calladine,mcalladine8@dmoz.org,Female,32.142.231.195,10:01 PM,3/13/2022,Training
10,Dightham,mdightham9@smugmug.com,Female,247.15.113.186,1:52 PM,2/6/2022,Product Management
11,Endrighi,bendrighia@ft.com,Female,162.70.28.194,4:54 AM,7/24/2022,Legal
12,Fogarty,mfogartyb@biglobe.ne.jp,Female,78.85.20.95,4:35 AM,3/5/2022,Marketing
13,Cleevely,tcleevelyc@ihg.com,Male,209.141.225.37,12:28 PM,7/28/2022,Legal
14,Lourenco,vlourencod@techcrunch.com,Male,28.202.125.184,7:29 PM,5/7/2022,Training
15,Fipp,afippe@nationalgeographic.com,Male,217.158.215.81,8:59 AM,11/3/2022,Product Management
16,Balshaw,jbalshawf@miibeian.gov.cn,Male,241.112.151.148,9:58 AM,3/26/2022,Research and Development
17,Crocroft,rcrocroftg@geocities.jp,Genderqueer,82.77.4.69,12:24 PM,5/21/2022,Accounting
18,Belderson,abeldersonh@paypal.com,Female,208.75.23.70,5:50 PM,5/31/2022,Research and Development
19,MacKim,bmackimi@sakura.ne.jp,Male,77.190.173.230,12:34 AM,10/17/2022,Engineering
20,Tipens,atipensj@squidoo.com,Male,204.152.217.60,9:58 PM,1/14/2022,Support
21,Hancorn,nhancornk@addtoany.com,Male,244.73.182.102,5:30 PM,11/29/2022,Support
22,Walbrook,twalbrookl@irs.gov,Male,10.122.87.209,6:10 PM,10/31/2022,Training
23,Stodit,dstoditm@wikimedia.org,Male,205.0.199.172,2:36 PM,4/24/2022,Sales
24,Gresley,mgresleyn@trellian.com,Female,135.169.175.120,6:44 PM,5/14/2022,Accounting
25,Posselwhite,jposselwhiteo@umn.edu,Male,122.204.126.128,11:07 PM,7/19/2022,Accounting
26,Gaspar,bgasparp@wikispaces.com,Male,133.213.214.188,11:29 PM,12/18/2022,Research and Development
27,Witham,mwithamq@cnn.com,Male,184.164.123.88,11:11 AM,4/10/2022,Accounting
28,Wagge,twagger@theglobeandmail.com,Male,238.255.128.113,6:32 PM,4/21/2022,Accounting
29,Gable,ggables@jimdo.com,Male,208.73.47.87,7:57 AM,1/22/2022,Sales
30,Osgodby,cosgodbyt@amazon.co.uk,Genderfluid,9.105.171.80,10:07 PM,3/5/2022,Marketing
31,Golsworthy,mgolsworthyu@amazon.co.uk,Male,73.1.51.51,8:40 AM,6/4/2022,Training
32,Zupo,szupov@webnode.com,Female,137.212.162.216,6:25 AM,9/4/2022,Engineering
33,Rolf,srolfw@princeton.edu,Female,78.199.44.156,5:30 PM,12/6/2022,Accounting
34,Conboy,econboyx@rakuten.co.jp,Male,85.222.118.164,2:42 PM,1/29/2022,Training
35,Casale,scasaley@reddit.com,Male,44.185.230.250,3:38 PM,8/25/2022,Business Development
36,Guyet,gguyetz@addthis.com,Male,26.147.20.187,4:42 AM,5/10/2022,Engineering
37,Saddington,hsaddington10@bravesites.com,Female,55.87.13.69,4:28 AM,9/20/2022,Services
38,Siviter,ssiviter11@google.com.au,Female,126.39.50.15,1:30 AM,8/22/2022,Accounting
39,Phil,gphil12@wunderground.com,Female,238.12.119.199,2:00 PM,4/10/2022,Support
40,Fogel,mfogel13@miitbeian.gov.cn,Female,107.87.214.240,9:28 PM,4/17/2022,Engineering
41,Peele,mpeele14@bloglines.com,Male,138.19.90.37,12:47 AM,11/6/2022,Accounting
42,Foxen,kfoxen15@upenn.edu,Female,180.58.51.72,12:40 AM,6/12/2022,Research and Development
43,Armitt,barmitt16@independent.co.uk,Male,112.161.209.207,4:06 AM,2/23/2022,Training
44,Sigars,jsigars17@umn.edu,Male,227.123.233.206,5:16 AM,11/28/2022,Legal
45,Uren,buren18@hp.com,Male,122.238.177.151,5:58 PM,9/29/2022,Marketing
46,Denecamp,ddenecamp19@un.org,Female,249.187.160.15,2:42 PM,9/20/2022,Product Management
47,Brithman,vbrithman1a@photobucket.com,Male,196.77.214.126,2:40 AM,9/2/2022,Sales
48,Minors,sminors1b@wp.com,Male,43.20.128.221,5:34 PM,12/12/2022,Sales
49,Shury,lshury1c@rambler.ru,Female,173.205.212.170,10:03 AM,4/6/2022,Business Development
50,Mustarde,jmustarde1d@aol.com,Female,58.171.138.75,11:07 PM,7/31/2022,Sales
51,Batchelour,mbatchelour1e@stanford.edu,Male,231.92.145.16,6:39 AM,12/6/2022,Business Development
52,Drain,rdrain1f@comcast.net,Male,157.243.72.145,12:10 AM,10/24/2022,Business Development
53,Esland,cesland1g@github.com,Male,88.194.51.202,5:51 PM,9/1/2022,Marketing
54,Spadaro,gspadaro1h@trellian.com,Female,193.156.112.99,5:10 AM,7/20/2022,Product Management
55,Jailler,jjailler1i@rambler.ru,Female,179.247.101.205,10:11 AM,3/29/2022,Training
56,Filipchikov,dfilipchikov1j@netscape.com,Male,155.25.204.208,4:02 PM,11/29/2022,Support
57,Kollach,pkollach1k@cdc.gov,Male,69.216.40.247,9:20 AM,6/9/2022,Research and Development
58,Stobie,mstobie1l@bing.com,Male,31.168.121.65,4:46 AM,2/21/2022,Product Management
59,Gullam,rgullam1m@prlog.org,Female,81.17.96.205,12:57 AM,4/21/2022,Engineering
60,Kubalek,qkubalek1n@auda.org.au,Male,93.134.31.100,9:45 AM,9/12/2022,Sales
61,Shovel,rshovel1o@mtv.com,Female,101.119.69.193,12:46 PM,1/28/2022,Product Management
62,Bovingdon,hbovingdon1p@zdnet.com,Female,180.146.83.182,7:37 PM,1/1/2023,Legal
63,Gallgher,kgallgher1q@npr.org,Female,8.61.73.215,12:26 AM,12/20/2022,Support
64,Paintain,cpaintain1r@blogger.com,Male,17.125.85.30,1:16 PM,5/25/2022,Accounting
65,Peploe,fpeploe1s@freewebs.com,Female,183.24.147.240,7:16 AM,4/13/2022,Services
66,Casetti,acasetti1t@ehow.com,Male,146.230.220.216,8:56 PM,4/22/2022,Training
67,Bennen,sbennen1u@hud.gov,Female,50.230.2.36,4:37 PM,8/17/2022,Marketing
68,Michell,kmichell1v@google.ca,Female,40.252.152.112,7:57 AM,10/20/2022,Marketing
69,Gibbings,sgibbings1w@diigo.com,Male,44.71.92.46,10:11 PM,9/8/2022,Accounting
70,Mawtus,amawtus1x@cocolog-nifty.com,Female,181.58.212.115,1:01 PM,6/19/2022,Training
71,McGahern,pmcgahern1y@ox.ac.uk,Female,165.78.190.95,8:50 PM,8/8/2022,Support
72,Lapsley,glapsley1z@homestead.com,Male,72.213.189.177,4:36 PM,2/3/2022,Marketing
73,Mossbee,hmossbee20@hatena.ne.jp,Male,176.54.141.129,4:43 PM,10/20/2022,Services
74,Sawley,msawley21@ustream.tv,Female,33.1.236.192,6:55 PM,12/9/2022,Human Resources
75,Wainman,ewainman22@networksolutions.com,Male,207.94.231.144,4:24 AM,1/4/2023,Legal
76,Sonnenschein,csonnenschein23@google.co.uk,Female,167.166.235.168,10:53 AM,3/12/2022,Engineering
77,Outram,moutram24@army.mil,Female,143.192.10.184,9:46 AM,6/7/2022,Accounting
78,Elcome,nelcome25@qq.com,Female,37.218.148.251,4:25 PM,12/6/2022,Legal
79,Habron,jhabron26@icq.com,Female,160.186.77.64,4:35 PM,1/21/2022,Legal
80,McLuckie,kmcluckie27@i2i.jp,Female,168.120.114.20,10:44 PM,3/28/2022,Engineering
81,Fearnside,hfearnside28@ustream.tv,Male,215.126.12.133,8:10 PM,8/8/2022,Research and Development
82,Chatwood,achatwood29@seesaa.net,Male,175.84.102.248,12:55 PM,9/3/2022,Business Development
83,Yesenev,gyesenev2a@bravesites.com,Male,191.39.37.219,1:51 PM,5/15/2022,Product Management
84,Jessep,jjessep2b@nih.gov,Male,20.219.125.55,7:54 PM,4/23/2022,Human Resources
85,Deboy,tdeboy2c@discovery.com,Male,61.241.104.4,9:26 AM,6/4/2022,Marketing
86,Roycroft,rroycroft2d@imageshack.us,Male,148.30.183.152,2:15 PM,3/17/2022,Marketing
87,Cready,jcready2e@bloglines.com,Male,166.100.145.132,7:47 AM,11/20/2022,Support
88,Flss,Aucott,faucott2f@bing.com,Female,104.50.12.204,6:18 AM,9/24/2022,Marketing
89,Laurice,McGonigal,lmcgonigal2g@comcast.net,Female,28.192.69.193,3:16 AM,6/6/2022,Services
90,Corey,Flohard,cflohard2h@csmonitor.com,Polygender,2.148.204.15,8:31 PM,2/25/2022,Sales
91,Lacie,Marjoribanks,lmarjoribanks2i@tuttocitta.it,Female,9.131.74.117,7:06 PM,2/15/2022,Engineering
92,Shaylyn,Proughten,sproughten2j@usda.gov,Female,210.94.218.195,1:20 PM,9/24/2022,Marketing
93,Agosto,Pillifant,apillifant2k@squidoo.com,Genderfluid,126.240.167.238,11:09 AM,8/16/2022,Engineering
94,Pincus,Alvar,palvar2l@tiny.cc,Male,211.130.176.201,12:36 AM,9/17/2022,Legal
95,Madella,Laurance,mlaurance2m@eventbrite.com,Female,35.240.142.0,6:57 PM,10/2/2022,Accounting
96,Stormie,Theml,stheml2n@oracle.com,Female,248.2.147.76,11:04 AM,2/23/2022,Legal
97,Ursala,Westmoreland,uwestmoreland2o@bbc.co.uk,Female,152.249.250.160,8:31 PM,4/15/2022,Training
98,Krishnah,Dufton,kdufton2p@1688.com,Male,149.59.38.124,12:43 AM,5/17/2022,Services
99,Gabriele,Losemann,glosemann2q@infoseek.co.jp,Male,149.17.109.13,8:29 AM,1/22/2022,Marketing
100,Margi,Christal,mchristal2r@economist.com,Female,181.145.236.9,11:03 PM,4/29/2022,Support
101,Svend,Grigoriev,sgrigoriev2s@upenn.edu,Male,193.70.234.43,10:55 AM,10/20/2022,Research and Development
102,Symon,Doonican,sdoonican2t@tuttocitta.it,Male,101.194.125.123,3:26 AM,7/30/2022,Accounting
103,Franciskus,Houliston,fhouliston2u@jugem.jp,Male,66.195.193.218,7:44 AM,2/4/2022,Product Management
104,Anabella,Hantusch,ahantusch2v@adobe.com,Female,183.82.193.77,12:25 PM,9/11/2022,Product Management
105,Maritsa,Maginot,mmaginot2w@shareasale.com,Polygender,252.36.130.65,2:50 PM,10/12/2022,Training
106,Lily,Mundall,lmundall2x@purevolume.com,Female,202.104.207.174,11:53 AM,3/16/2022,Support
107,Lindsey,Durrell,ldurrell2y@sciencedaily.com,Non-binary,154.169.50.66,2:12 AM,4/5/2022,Marketing
108,Wendie,Brazener,wbrazener2z@pen.io,Female,12.216.160.207,8:54 AM,9/22/2022,Marketing
109,Mylo,Van der Velden,mvandervelden30@businessweek.com,Male,254.38.129.240,12:41 PM,9/7/2022,Engineering
110,Haslett,Stepto,hstepto31@jiathis.com,Male,34.202.129.189,1:56 PM,7/25/2022,Business Development
111,Wendell,Abyss,wabyss32@ning.com,Male,115.119.223.76,3:19 AM,7/4/2022,Business Development
112,Milissent,Oldnall,moldnall33@sfgate.com,Female,254.68.50.139,12:36 AM,10/1/2022,Research and Development
113,Renaud,Saunper,rsaunper34@newyorker.com,Male,93.112.14.101,1:45 AM,5/16/2022,Business Development
114,Brandy,Polleye,bpolleye35@google.ca,Female,94.1.223.207,7:59 PM,7/31/2022,Marketing
115,Tiertza,Smorthwaite,tsmorthwaite36@meetup.com,Female,81.1.190.68,12:38 AM,1/16/2022,Human Resources
116,Guillemette,Galier,ggalier37@narod.ru,Female,10.196.210.84,9:34 AM,6/1/2022,Training
117,Celia,Regnard,cregnard38@livejournal.com,Female,47.41.77.81,6:38 PM,3/6/2022,Marketing
118,Bennett,Niaves,bniaves39@mapquest.com,Male,141.13.142.156,12:23 AM,1/12/2023,Training
119,Flint,Abele,fabele3a@buzzfeed.com,Male,141.101.231.203,9:14 PM,8/15/2022,Services
120,Caron,Garrod,cgarrod3b@yellowpages.com,Female,65.235.24.14,1:49 PM,8/9/2022,Marketing
121,Thedric,Fiander,tfiander3c@yellowbook.com,Male,212.38.42.88,1:07 PM,9/17/2022,Engineering
122,Tonia,Paling,tpaling3d@gmpg.org,Female,254.223.14.77,10:24 AM,12/9/2022,Business Development
123,Rosamund,Caudwell,rcaudwell3e@liveinternet.ru,Polygender,72.252.150.18,4:44 AM,10/7/2022,Services
124,Wendel,Flieger,wflieger3f@scribd.com,Male,87.66.132.190,5:09 PM,7/14/2022,Legal
125,Ernesto,Fippe,efippe3g@indiatimes.com,Male,141.3.14.91,1:17 PM,3/7/2022,Research and Development
126,Devi,Jakeway,djakeway3h@yahoo.co.jp,Female,79.123.237.108,4:28 PM,4/10/2022,Business Development
127,Mellicent,Quenell,mquenell3i@sitemeter.com,Female,64.212.155.111,8:27 PM,12/12/2022,Training
128,Elwood,Zorzetti,ezorzetti3j@craigslist.org,Male,243.154.176.217,6:17 AM,4/4/2022,Human Resources
129,Chryste,Morad,cmorad3k@sfgate.com,Female,157.35.16.183,6:12 AM,9/17/2022,Business Development
130,Derward,Savill,dsavill3l@sfgate.com,Male,193.171.235.171,2:44 AM,12/27/2022,Engineering
131,Lea,Clelland,lclelland3m@narod.ru,Female,131.223.189.192,12:37 PM,3/27/2022,Sales
132,Alisha,Laterza,alaterza3n@telegraph.co.uk,Female,37.24.103.109,9:36 PM,11/15/2022,Support
133,Burk,Sandeford,bsandeford3o@sourceforge.net,Male,69.19.204.12,9:34 AM,1/18/2022,Engineering
134,Gearalt,Gaddas,ggaddas3p@sciencedaily.com,Male,60.85.225.133,8:12 PM,4/17/2022,Accounting
135,Cletis,Hainge,chainge3q@pinterest.com,Male,146.213.218.129,5:47 PM,10/19/2022,Product Management
136,Bruce,Bantham,bbantham3r@furl.net,Male,12.129.41.128,1:04 PM,10/26/2022,Sales
137,Zara,Adds,zadds3s@nationalgeographic.com,Female,212.136.60.164,6:59 PM,10/12/2022,Training
138,Roderich,MacAnellye,rmacanellye3t@pen.io,Male,114.130.163.249,4:16 AM,5/13/2022,Legal
139,Loria,Curee,lcuree3u@amazonaws.com,Female,244.199.113.223,9:40 AM,8/20/2022,Human Resources
140,Adam,Carette,acarette3v@thetimes.co.uk,Non-binary,242.238.73.25,12:43 AM,1/3/2023,Accounting
141,Gabriell,Goldstein,ggoldstein3w@cnn.com,Female,72.178.105.188,1:03 PM,11/29/2022,Business Development
142,Aurora,Moxted,amoxted3x@springer.com,Female,27.240.24.30,7:58 AM,3/17/2022,Sales
143,Brandi,Brackenbury,bbrackenbury3y@samsung.com,Female,248.155.252.159,5:20 PM,12/27/2022,Marketing
144,Conrado,Dow,cdow3z@earthlink.net,Male,25.165.125.4,1:16 PM,3/4/2022,Accounting
145,Rikki,Briztman,rbriztman40@nih.gov,Male,243.36.118.178,10:27 AM,6/28/2022,Legal
146,Roselia,Gaitskill,rgaitskill41@jugem.jp,Female,80.50.127.198,12:56 PM,7/30/2022,Human Resources
147,Jerrylee,Goodbur,jgoodbur42@liveinternet.ru,Female,134.247.138.175,5:19 PM,1/19/2022,Support
148,Arlin,Kabsch,akabsch43@ycombinator.com,Male,250.120.128.223,12:07 PM,4/4/2022,Services
149,Patrice,Lewsy,plewsy44@hao123.com,Female,64.64.86.246,11:37 AM,3/25/2022,Research and Development
150,Dilan,Going,dgoing45@un.org,Male,106.116.161.231,1:54 PM,6/11/2022,Training
151,Jackie,Nitto,jnitto46@a8.net,Male,232.19.151.3,10:51 PM,5/25/2022,Business Development
152,Willette,Roget,wroget47@slate.com,Female,228.99.75.145,11:00 PM,5/27/2022,Marketing
153,Callie,Davids,cdavids48@1und1.de,Female,207.86.226.69,11:17 PM,6/5/2022,Legal
154,Eva,Hards,ehards49@salon.com,Agender,139.231.72.225,6:42 AM,2/9/2022,Engineering
155,Roddy,Cawston,rcawston4a@alibaba.com,Male,207.234.252.198,3:50 PM,9/15/2022,Sales
156,Clem,Winchurst,cwinchurst4b@miibeian.gov.cn,Male,247.115.205.147,12:28 PM,12/27/2022,Product Management
157,Melisandra,Bantham,mbantham4c@dyndns.org,Female,223.128.124.38,1:24 AM,8/18/2022,Research and Development
158,Tine,Ketts,tketts4d@thetimes.co.uk,Female,8.59.72.211,9:41 PM,10/27/2022,Research and Development
159,Adelaida,Simic,asimic4e@netlog.com,Female,40.0.66.36,3:19 AM,7/1/2022,Sales
160,Carmon,Harbard,charbard4f@sogou.com,Female,174.213.31.213,10:45 AM,3/19/2022,Training
161,Gar,Trowle,gtrowle4g@europa.eu,Male,180.199.117.91,6:18 AM,1/26/2022,Marketing
162,Dione,Levitt,dlevitt4h@unicef.org,Female,138.211.35.58,11:20 PM,6/19/2022,Legal
163,Kenton,Veldens,kveldens4i@miibeian.gov.cn,Male,204.212.180.11,3:21 PM,2/15/2022,Human Resources
164,Errol,Vasyutkin,evasyutkin4j@fc2.com,Male,213.133.73.179,4:41 AM,9/19/2022,Research and Development
165,Leonelle,Shervil,lshervil4k@nsw.gov.au,Agender,10.247.211.135,10:59 PM,8/8/2022,Research and Development
166,Claribel,Steptowe,csteptowe4l@disqus.com,Female,221.219.95.234,3:34 PM,11/17/2022,Engineering
167,Field,Brisard,fbrisard4m@fotki.com,Male,239.22.146.8,11:16 PM,5/23/2022,Accounting
168,Timofei,Yacobsohn,tyacobsohn4n@google.fr,Male,152.230.174.94,3:59 AM,6/7/2022,Legal
169,Caresse,Kelledy,ckelledy4o@free.fr,Female,119.22.74.157,3:55 PM,11/12/2022,Support
170,Flori,Jekyll,fjekyll4p@mail.ru,Female,129.13.100.168,10:24 PM,4/21/2022,Accounting
171,Florence,Vaisey,fvaisey4q@psu.edu,Female,173.102.75.14,5:51 AM,12/18/2022,Business Development
172,Lyndsay,Abelovitz,labelovitz4r@opera.com,Genderfluid,40.122.155.228,5:46 PM,9/23/2022,Accounting
173,Gussie,Bricklebank,gbricklebank4s@latimes.com,Female,211.176.239.253,12:39 AM,7/3/2022,Marketing
174,Thomas,Sego,tsego4t@cbsnews.com,Male,63.146.9.127,10:45 PM,6/25/2022,Training
175,Cleopatra,Pierri,cpierri4u@wordpress.com,Genderqueer,78.86.103.71,4:21 PM,3/8/2022,Accounting
176,Carlina,Wallbridge,cwallbridge4v@domainmarket.com,Female,65.206.18.170,8:21 PM,8/25/2022,Marketing
177,Ariel,Rowlin,arowlin4w@nbcnews.com,Male,153.184.150.54,5:29 PM,6/17/2022,Support
178,Giacopo,Picopp,gpicopp4x@cyberchimps.com,Male,189.129.231.205,6:06 AM,3/22/2022,Accounting
179,Alisa,Buckston,abuckston4y@ameblo.jp,Female,148.138.232.158,7:55 PM,11/20/2022,Training
180,Kerby,Kwiek,kkwiek4z@phoca.cz,Male,16.128.83.126,4:30 AM,2/1/2022,Product Management
181,Johna,Marques,jmarques50@netscape.com,Female,124.50.163.166,7:59 PM,8/19/2022,Human Resources
182,Catherine,Coultar,ccoultar51@reuters.com,Female,181.242.5.161,11:18 AM,6/3/2022,Marketing
183,Janka,Binne,jbinne52@zdnet.com,Female,15.130.235.147,4:11 PM,5/15/2022,Marketing
184,Locke,Josiah,ljosiah53@bing.com,Male,175.60.12.234,2:25 PM,4/17/2022,Sales
185,Rozalin,Wattisham,rwattisham54@shareasale.com,Female,240.149.224.146,5:56 AM,10/21/2022,Training
186,Nancee,Panchen,npanchen55@hexun.com,Female,173.194.172.112,12:02 AM,12/8/2022,Research and Development
187,Derick,Rozzell,drozzell56@techcrunch.com,Male,148.92.97.204,4:02 PM,10/11/2022,Training
188,Neile,Duckfield,nduckfield57@lulu.com,Female,152.170.144.62,2:58 AM,3/13/2022,Research and Development
189,Anstice,Rickardsson,arickardsson58@cbslocal.com,Female,44.46.190.225,5:38 AM,4/22/2022,Marketing
190,Vinson,Cheak,vcheak59@google.de,Male,42.55.174.43,3:30 PM,7/16/2022,Marketing
191,Marion,Belham,mbelham5a@reverbnation.com,Male,92.226.17.221,6:05 PM,4/15/2022,Services
192,Blanch,Jagoe,bjagoe5b@shinystat.com,Female,112.58.208.29,7:43 PM,7/3/2022,Marketing
193,Mair,Corsan,mcorsan5c@xrea.com,Female,110.14.30.76,11:27 AM,5/22/2022,Business Development
194,Gabey,Birtwell,gbirtwell5d@indiegogo.com,Female,159.153.244.12,5:20 PM,11/7/2022,Support
195,Gaylene,Bartzen,gbartzen5e@ucsd.edu,Female,114.63.194.40,9:48 PM,7/2/2022,Sales
196,Johannah,Izakoff,jizakoff5f@theguardian.com,Female,151.59.148.165,7:18 PM,8/25/2022,Engineering
197,Benoit,Kemmer,bkemmer5g@chron.com,Male,175.148.148.110,9:04 PM,12/8/2022,Business Development
198,Lambert,Dominicacci,ldominicacci5h@usnews.com,Male,6.194.117.136,9:11 PM,2/14/2022,Sales
199,Carmen,Mundwell,cmundwell5i@dedecms.com,Female,144.26.84.97,3:01 PM,2/20/2022,Support
200,Hanni,Counter,hcounter5j@php.net,Female,63.18.68.163,4:35 AM,7/3/2022,Research and Development
201,Sibley,Aplin,saplin5k@biblegateway.com,Female,122.216.244.56,2:06 AM,3/7/2022,Support
202,Sorcha,Kelway,skelway5l@google.com.hk,Female,13.2.212.30,12:55 AM,6/26/2022,Engineering
203,Scarlett,Warbeys,swarbeys5m@acquirethisname.com,Female,93.252.103.162,9:01 PM,6/4/2022,Accounting
204,Arlina,Chrippes,achrippes5n@so-net.ne.jp,Female,27.142.109.106,11:06 PM,9/25/2022,Support
205,Edith,Meenehan,emeenehan5o@craigslist.org,Female,16.188.70.151,9:08 PM,1/17/2022,Business Development
206,Nickey,Potte,npotte5p@blogger.com,Male,240.251.127.40,4:34 AM,12/21/2022,Accounting
207,Rogerio,Foulstone,rfoulstone5q@people.com.cn,Male,182.133.166.30,2:55 AM,5/16/2022,Training
208,Stephan,Dulieu,sdulieu5r@smh.com.au,Male,77.15.56.54,6:58 PM,10/18/2022,Marketing
209,Kristos,Karlolczak,kkarlolczak5s@paginegialle.it,Male,85.107.178.14,2:35 PM,8/19/2022,Accounting
210,Knox,Rickeard,krickeard5t@telegraph.co.uk,Male,113.181.68.235,8:19 AM,1/7/2023,Product Management
211,Stace,Paynton,spaynton5u@archive.org,Female,10.206.53.223,5:21 PM,10/16/2022,Human Resources
212,Fredi,Yitzhakof,fyitzhakof5v@deliciousdays.com,Female,0.181.29.25,11:38 PM,3/25/2022,Engineering
213,Hannie,Tellesson,htellesson5w@issuu.com,Female,107.178.237.70,2:58 PM,9/13/2022,Training
214,Hamlen,Howle,hhowle5x@who.int,Male,162.129.55.16,10:02 PM,6/12/2022,Research and Development
215,Hamlin,Pyatt,hpyatt5y@cdbaby.com,Male,149.26.31.51,12:30 PM,10/7/2022,Business Development
216,Peri,Matzaitis,pmatzaitis5z@reverbnation.com,Female,75.75.73.14,12:51 PM,9/13/2022,Support
217,Lexine,Inns,linns60@go.com,Female,238.188.201.12,6:04 PM,8/7/2022,Legal
218,Hiram,Croasdale,hcroasdale61@posterous.com,Male,88.92.95.214,8:34 AM,8/12/2022,Marketing
219,Broderick,Shadrack,bshadrack62@princeton.edu,Agender,149.234.71.90,12:28 AM,6/26/2022,Accounting
220,Madelene,Farryann,mfarryann63@nasa.gov,Genderfluid,193.146.87.160,11:37 PM,8/18/2022,Engineering
221,Valenka,Jones,vjones64@lulu.com,Female,14.182.161.129,12:18 AM,7/18/2022,Legal
222,Constantina,Cromwell,ccromwell65@google.com.hk,Female,165.47.18.165,8:05 AM,7/19/2022,Human Resources
223,Wye,Comelini,wcomelini66@last.fm,Male,94.43.133.179,9:06 AM,5/23/2022,Marketing
224,Zackariah,Ladon,zladon67@discovery.com,Male,30.89.237.132,9:17 AM,10/20/2022,Engineering
225,Nani,Wyldes,nwyldes68@unesco.org,Female,220.119.118.147,9:15 AM,11/3/2022,Marketing
226,Rudyard,Triplow,rtriplow69@unblog.fr,Male,52.172.40.50,10:40 PM,9/14/2022,Accounting
227,Brett,Breache,bbreache6a@soundcloud.com,Male,49.216.249.104,12:23 PM,1/9/2023,Services
228,Rosanne,Decent,rdecent6b@typepad.com,Female,31.220.250.218,3:54 AM,2/8/2022,Accounting
229,Waverley,Merry,wmerry6c@bbb.org,Male,161.40.127.10,8:08 AM,9/21/2022,Engineering
230,Isac,Henzley,ihenzley6d@weather.com,Male,128.179.12.204,9:01 PM,11/5/2022,Product Management
231,Fin,Cotgrave,fcotgrave6e@angelfire.com,Male,207.194.64.218,10:15 AM,10/20/2022,Business Development
232,Madelyn,Codi,mcodi6f@theatlantic.com,Female,8.188.116.98,10:15 PM,7/23/2022,Services
233,Nadia,Michelotti,nmichelotti6g@google.co.jp,Female,140.175.161.198,1:54 PM,4/24/2022,Support
234,Josee,Etridge,jetridge6h@tuttocitta.it,Female,89.241.205.98,5:35 AM,11/13/2022,Support
235,Humbert,Seathwright,hseathwright6i@cargocollective.com,Genderfluid,178.55.245.253,4:45 AM,2/8/2022,Services
236,Thomas,Mallen,tmallen6j@hexun.com,Male,139.4.98.107,4:46 AM,3/3/2022,Marketing
237,Andrej,Trahearn,atrahearn6k@princeton.edu,Male,103.132.80.215,4:12 AM,6/28/2022,Research and Development
238,Taylor,Debnam,tdebnam6l@dailymotion.com,Male,35.236.131.115,8:15 AM,8/2/2022,Human Resources
239,Marley,Gravells,mgravells6m@ameblo.jp,Female,157.227.41.242,10:32 AM,9/6/2022,Human Resources
240,Dirk,Barkworth,dbarkworth6n@soundcloud.com,Genderqueer,143.176.13.109,4:02 AM,1/22/2022,Training
241,Cal,Gansbuhler,cgansbuhler6o@seattletimes.com,Female,102.79.60.163,11:54 AM,6/13/2022,Legal
242,Rafferty,Tanzig,rtanzig6p@netscape.com,Male,105.106.246.220,7:50 PM,2/11/2022,Accounting
243,Hobey,Westley,hwestley6q@cbc.ca,Male,235.80.110.193,4:02 PM,7/6/2022,Sales
244,Timmie,Picheford,tpicheford6r@shareasale.com,Female,12.210.92.194,7:24 PM,4/5/2022,Marketing
245,Rutger,Villa,rvilla6s@elegantthemes.com,Male,22.240.255.243,7:28 PM,9/28/2022,Services
246,Cesare,Mardall,cmardall6t@shinystat.com,Male,129.222.168.252,3:42 AM,4/5/2022,Human Resources
247,Clio,Chesser,cchesser6u@hc360.com,Female,239.116.30.134,1:26 AM,5/23/2022,Sales
248,Kelby,Signori,ksignori6v@livejournal.com,Agender,230.209.175.242,10:27 AM,5/11/2022,Accounting
249,Caleb,Bradbrook,cbradbrook6w@arizona.edu,Male,165.124.135.70,12:12 AM,6/13/2022,Services
250,Keith,Matysiak,kmatysiak6x@omniture.com,Genderfluid,248.110.231.234,12:03 AM,7/19/2022,Engineering
251,Karl,Smorthwaite,ksmorthwaite6y@t-online.de,Male,204.39.55.179,6:51 PM,5/12/2022,Support
252,Onida,Terron,oterron6z@earthlink.net,Female,54.232.238.37,10:44 AM,11/17/2022,Training
253,Hanna,Maryman,hmaryman70@zimbio.com,Female,48.86.197.103,1:05 PM,11/17/2022,Engineering
254,Casi,Hopfner,chopfner71@imageshack.us,Female,109.57.62.57,6:53 PM,2/20/2022,Services,
255,Hester,Peet,hpeet72@lulu.com,Female,116.102.37.133,3:33 PM,9/24/2022,Engineering,
256,Arleyne,Wolstencroft,awolstencroft73@goo.gl,Female,85.130.68.34,9:04 AM,3/15/2022,Sales,
257,Linnea,Milliken,lmilliken74@webeden.co.uk,Female,238.119.74.199,11:07 PM,2/3/2022,Marketing,
258,Aloysius,O' Shea,aoshea75@cnbc.com,Male,236.234.141.240,2:29 PM,6/14/2022,Marketing
259,Clemente,Blaw,cblaw76@sohu.com,Male,26.69.108.63,11:42 AM,2/28/2022,Engineering
260,Michell,Ghelerdini,mghelerdini77@wufoo.com,Female,147.193.16.195,1:57 AM,11/7/2022,Sales
261,Angel,Tomasik,atomasik78@narod.ru,Male,174.253.130.185,12:43 PM,9/1/2022,Business Development
262,Wendall,Pembery,wpembery79@fda.gov,Male,81.74.153.62,8:10 PM,8/24/2022,Engineering
263,Pammy,Mannion,pmannion7a@imgur.com,Female,113.79.113.117,4:50 PM,12/14/2022,Sales
264,Fanny,Langworthy,flangworthy7b@cpanel.net,Female,159.223.77.152,11:34 AM,2/7/2022,Human Resources
265,Travis,Trudgeon,ttrudgeon7c@upenn.edu,Male,153.197.214.249,11:05 PM,12/22/2022,Training
266,Worthy,Signoret,wsignoret7d@slashdot.org,Male,104.247.11.180,8:33 AM,3/25/2022,Research and Development
267,Jillene,Tippett,jtippett7e@google.com.br,Female,237.89.223.133,10:28 AM,6/4/2022,Product Management
268,Alyss,Stoacley,astoacley7f@1688.com,Female,31.231.20.110,7:23 AM,10/5/2022,Product Management
269,Giulia,Moller,gmoller7g@miitbeian.gov.cn,Female,23.66.239.61,7:06 AM,4/27/2022,Sales
270,Antoine,Gilligan,agilligan7h@theatlantic.com,Male,45.151.42.133,1:22 PM,8/26/2022,Services
271,Leoline,Gennrich,lgennrich7i@stumbleupon.com,Female,13.82.21.208,9:16 PM,10/25/2022,Accounting
272,Janot,Guymer,jguymer7j@boston.com,Female,168.213.38.67,11:44 AM,1/28/2022,Legal
273,Kaleb,Dawtre,kdawtre7k@cafepress.com,Male,98.27.167.204,7:30 PM,8/17/2022,Sales
274,Debra,Gimlet,dgimlet7l@reddit.com,Female,241.160.181.213,9:37 PM,5/22/2022,Product Management
275,Di,Hansford,dhansford7mask.com,Female,154.40.205.88,3:48 PM,2/25/2022,Business Development
276,Leonanie,Spellacey,lspellacey7n@hud.gov,Female,77.236.255.96,11:56 PM,9/11/2022,Human Resources
277,Hirsch,Jardine,hjardine7o@huffingtonpost.com,Male,99.142.209.18,3:10 PM,10/15/2022,Sales
278,Alysia,Abramzon,aabramzon7pmozilla.com,Genderfluid,172.132.26.248,1:31 AM,8/3/2022,Support
279,Stefanie,Manchester,smanchester7q@princeton.edu,Female,240.58.125.176,3:22 AM,5/9/2022,Sales
280,Saunderson,McVey,smcvey7r@diigo.com,Male,50.130.226.190,5:43 AM,9/2/2022,Accounting
281,Paola,Kaminski,pkaminski7sdion.ne.jp,Female,192.123.218.111,3:56 PM,6/17/2022,Human Resources
282,Clareta,Robbings,crobbings7t@google.com.br,Female,23.139.54.115,11:28 PM,6/30/2022,Services
283,Caitlin,Braybrooke,cbraybrooke7u@topsy.com,Female,111.136.40.255,11:27 PM,9/28/2022,Training
284,Correna,Blundan,cblundan7v@youtube.com,Female,149.187.111.194,10:08 PM,5/24/2022,Support
285,Allen,Long,along7w@rakuten.co.jp,Male,193.48.66.229,9:32 AM,10/4/2022,Product Management
286,Dex,Elgey,delgey7x@sourceforge.net,Male,120.206.101.245,8:45 PM,12/13/2022,Marketing
287,Zorine,Deftie,zdeftie7y@loc.gov,Female,167.23.101.12,8:47 PM,3/4/2022,Services
288,Demetria,Surtees,dsurtees7z@1688.com,Polygender,111.242.190.241,5:51 AM,12/28/2022,Support
289,Viva,Jardein,vjardein80@purevolume.com,Female,55.91.48.101,2:33 AM,1/16/2022,Support
290,Merna,Goulthorp,mgoulthorp81@cargocollective.com,Female,22.179.142.104,5:15 AM,9/14/2022,Research and Development
291,Broddie,Attride,battride82@paypal.com,Male,7.230.159.55,8:08 PM,8/21/2022,Legal
292,Ruperta,Vicioso,rvicioso83@sakura.ne.jp,Female,230.81.190.88,5:22 AM,9/14/2022,Engineering
293,Guillaume,Dermott,gdermott84@weebly.com,Non-binary,60.143.151.103,6:20 PM,3/23/2022,Research and Development
294,Candra,Bly,cbly85@spiegel.de,Female,5.234.150.203,3:14 PM,12/10/2022,Engineering
295,Marlow,Glackin,mglackin86@hhs.gov,Male,55.240.59.181,2:59 PM,6/16/2022,Training
296,Rolando,Pashe,rpashe87@bandcamp.com,Male,55.167.57.20,6:38 AM,5/2/2022,Product Management
297,Caty,Jakubovics,cjakubovics88@hhs.gov,Female,70.206.120.154,6:02 AM,4/23/2022,Accounting
298,Gisella,Lepope,glepope89@purevolume.com,Genderqueer,23.197.90.197,4:25 AM,12/8/2022,Services
299,Desiri,Carlucci,dcarlucci8a@acquirethisname.com,Female,196.49.101.130,4:50 PM,10/15/2022,Accounting
300,Calhoun,Hallam,challam8b@blogs.com,Male,229.87.79.102,5:38 PM,10/2/2022,Business Development
301,Fernande,Alder,falder8c@wikispaces.com,Female,133.111.80.197,3:17 PM,6/22/2022,Research and Development
302,Grannie,Chidlow,gchidlow8d@va.gov,Male,59.124.137.162,6:41 PM,10/13/2022,Engineering
303,Allin,Northern,anorthern8e@dot.gov,Male,92.226.186.233,8:19 PM,5/22/2022,Sales
304,Fran,Franchyonok,ffranchyonok8f@discovery.com,Female,25.68.49.238,7:35 PM,7/10/2022,Business Development
305,Jarrett,Filipchikov,jfilipchikov8g@angelfire.com,Male,232.5.123.174,2:47 PM,11/13/2022,Services
306,Bertrando,MacDonogh,bmacdonogh8h@yahoo.com,Male,177.179.122.147,12:49 PM,8/16/2022,Sales
307,Lari,Tankin,ltankin8i@reference.com,Female,210.89.211.45,4:27 PM,12/27/2022,Business Development
308,Ignaz,Boldock,iboldock8j@geocities.com,Male,5.88.79.72,4:04 AM,8/30/2022,Research and Development
309,Davey,Edlyne,dedlyne8k@youtu.be,Male,117.142.103.89,8:13 PM,1/11/2023,Product Management
310,Cosetta,Conley,cconley8l@cbsnews.com,Female,143.240.118.204,6:40 PM,5/24/2022,Engineering
311,Salomi,Cuddon,scuddon8m@addtoany.com,Female,171.111.26.175,7:32 PM,8/13/2022,Sales
312,Lauren,Dmtrovic,ldmtrovic8n@buzzfeed.com,Female,78.82.173.248,10:53 AM,1/22/2022,Marketing
313,Baxy,Nanni,bnanni8o@vk.com,Male,66.140.89.35,2:30 AM,1/14/2022,Human Resources
314,Arly,Baldrick22,abaldrick8p@yale.edu,Female,126.136.52.237,8:45 PM,10/1/2022,Accounting
315,Selig,Miskelly,smiskelly8q@aboutads.info,Male,14.133.179.41,2:53 AM,12/25/2022,Services
316,Eberhard,Deesly,edeesly8r@deliciousdays.com,Male,85.217.94.129,5:31 AM,12/24/2022,Legal
317,Phedra,Hansom33,phansom8s@storify.com,Female,60.166.137.7,4:31 AM,7/26/2022,Legal
318,Sidoney,Doxsey,sdoxsey8t@networksolutions.com,Polygender,151.178.156.231,12:46 PM,9/20/2022,Business Development
319,Alvera,Byram,abyram8u@oaic.gov.au,Female,131.237.143.79,3:14 AM,4/11/2022,Business Development
320,Boone,Aksell,baksell8v@google.com.au,Male,1.19.166.199,3:32 AM,1/24/2022,Support
321,Giordano,Van Saltsberg,gvansaltsberg8w@reddit.com,Male,173.80.21.51,12:18 PM,3/11/2022,Accounting
322,Elwin,Placido,eplacido8x@so-net.ne.jp,Male,23.143.188.125,3:10 PM,10/30/2022,Research and Development
323,Nadya,Pessel,npessel8y@usatoday.com,Female,144.182.194.110,1:47 PM,7/12/2022,Services
324,Linea,Dewane,ldewane8z@github.io,Female,109.154.226.208,2:27 PM,7/24/2022,Legal
325,Willard,Newlyn,wnewlyn90@zdnet.com,Male,214.172.162.57,5:21 AM,11/26/2022,Training
326,Karola,Jewel,kjewel91@nydailynews.com,Female,107.116.126.194,11:37 PM,9/27/2022,Support
327,Sullivan,Steinham,ssteinham92@wordpress.org,Male,121.49.220.253,8:00 PM,2/25/2022,Sales
328,Ronald,Degue,rdegue93@google.nl,Male,154.58.28.34,6:43 PM,10/20/2022,Engineering
329,Sherwynd,Piatkowski,spiatkowski94@scribd.com,Male,85.247.5.105,8:49 AM,11/20/2022,Training
330,Arturo,Oppy,aoppy95@paginegialle.it,Male,101.104.62.80,12:19 PM,10/20/2022,Support
331,Raynard,Halward,rhalward96@ihg.com,Male,23.166.254.150,11:31 AM,7/9/2022,Training
332,Margo,Roseaman,mroseaman97@ibm.com,Female,15.139.252.83,2:21 PM,3/1/2022,Support
333,Benedetto,Cone,bcone98@wiley.com,Male,145.13.248.136,11:08 AM,2/25/2022,Sales
334,Beverley,oldey22,boldey99@craigslist.org,Female,78.23.205.198,11:53 AM,2/1/2022,Services
335,Cross,Ibbett,cibbett9a@disqus.com,Male,172.116.43.247,5:06 AM,4/16/2022,Training
336,Clementia,Scarrisbrick,cscarrisbrick9b@discuz.net,Female,221.220.89.253,4:58 AM,1/29/2022,Product Management
337,Agatha,Fishe,afishe9c@theglobeandmail.com,Female,77.124.1.196,12:10 AM,4/3/2022,Research and Development
338,Carola,Kaley,ckaley9d@indiatimes.com,Female,114.46.53.70,4:58 AM,2/13/2022,Accounting
339,Janith,Jex,jjex9e@cnbc.com,Female,33.75.251.241,4:40 AM,12/18/2022,Services
340,Adel,Bestwick,abestwick9f@biblegateway.com,Female,61.212.185.205,11:35 AM,10/8/2022,Product Management
341,Terri,Eykelbosch,teykelbosch9g@yellowpages.com,Female,44.128.18.245,5:45 AM,1/22/2022,Research and Development
342,Worden,MacKee,wmackee9h@hatena.ne.jp,Male,204.153.189.65,3:46 PM,7/1/2022,Marketing
343,Laetitia,Baldacco,lbaldacco9i@parallels.com,Female,72.162.95.206,4:13 PM,2/25/2022,Legal
344,Sloan,Quartermain,squartermain9j@webnode.com,Male,212.45.241.64,2:06 PM,6/3/2022,Sales
345,Stavros,Bannerman,sbannerman9k@skype.com,Male,103.102.239.16,11:49 PM,8/20/2022,Research and Development
346,Glynn,Pitone,gpitone9l@jiathis.com,Male,62.182.42.27,2:45 PM,12/9/2022,Research and Development
347,Lilllie,Atcherley,latcherley9m@hexun.com,Female,33.41.42.174,12:02 PM,5/16/2022,Support
348,Liam,Blakesley,lblakesley9n@behance.net,Male,187.204.68.104,8:16 AM,7/31/2022,Sales
349,Gav,Stutter,gstutter9o@irs.gov,Male,95.41.106.43,10:47 PM,9/25/2022,Business Development
350,Shanie,Morford,smorford9p@rakuten.co.jp,Female,105.113.100.40,8:49 AM,7/20/2022,Human Resources
351,Ruby,Turpey,rturpey9q@theatlantic.com,Male,91.78.198.200,10:10 PM,8/14/2022,Support
352,Saul,Aleksankov,saleksankov9r@hatena.ne.jp,Male,89.200.141.33,3:27 PM,9/12/2022,Research and Development
353,Drusi,Fear,dfear9s@imageshack.us,Female,98.122.13.187,8:13 AM,6/7/2022,Marketing
354,Tasia,Tiddy,ttiddy9t@ucoz.com,Female,69.250.81.167,12:44 PM,12/17/2022,Marketing
355,Callean,Alexis,calexis9u@jimdo.com,Male,75.238.105.51,1:43 PM,10/4/2022,Business Development
356,Christel,Tooze,ctooze9v@wordpress.org,Female,17.163.14.29,12:10 AM,8/11/2022,Training
357,Shawna,Thody,sthody9w@istockphoto.com,Female,238.88.168.27,11:27 AM,2/28/2022,Product Management
358,Dore,Ceschi,dceschi9x@alibaba.com,Female,160.29.56.15,12:50 PM,4/1/2022,Engineering
359,Art,Douglas,adouglas9y@google.de,Male,19.9.33.39,10:11 PM,5/5/2022,Research and Development
360,Fields,Bernath,fbernath9z@nasa.gov,Genderfluid,6.143.225.96,4:23 AM,2/22/2022,Legal
361,Brigg,Borge,bborgea0@oaic.gov.au,Male,149.21.251.91,3:25 PM,11/25/2022,Services
362,Saunderson,Klaas,sklaasa1@devhub.com,Male,86.175.170.85,3:39 AM,8/18/2022,Engineering
363,Tanny,Matthew,tmatthewa2@cpanel.net,Male,160.69.15.163,1:12 PM,4/27/2022,Services
364,Ulla,Porter,uportera3@shop-pro.jp,Female,120.29.135.68,10:08 PM,4/10/2022,Services
365,Karilynn,Sweeney,ksweeneya4@livejournal.com,Female,18.168.17.158,6:10 PM,9/12/2022,Services
366,Patrick,Bauld,pbaulda5@hexun.com,Male,235.181.234.232,7:19 AM,10-10-2022,Legal
367,Duncan,Huffer,dhuffera6@psu.edu,Male,129.17.75.54,12:27 PM,3-28-2022,Legal
368,Kettie,Linsley,klinsleya7@cornell.edu,Female,101.204.246.237,1:52 PM,4-8-2022,Legal
369,Martie,Velte,mveltea8@google.it,Polygender,167.205.191.64,5:28 AM,4-19-2022,Product Management
370,Hagen,Sandlin,hsandlina9@europa.eu,Male,190.219.92.0,10:25 PM,5-27-2022,Services
371,Addison,Waryk,awarykaa@nhs.uk,Male,199.5.92.45,10:11 PM,1-22-2022,Legal
372,Louie,Trussman,ltrussmanab@arizona.edu,Male,2.154.61.59,5:38 AM,6-16-2022,Services
373,Tabb,Norway,tnorwayac@cnbc.com,Male,90.122.173.191,7:02 AM,3-8-2022,Legal
374,Bondie,Ciobutaro,bciobutaroad@businessweek.com,Male,14.164.228.87,5:41 PM,12-2-2022,Human Resources
375,Andris,McElroy,amcelroyae@lycos.com,Male,71.156.44.202,7:21 AM,3/23/2022,Product Management
376,Isidor,Bagnall,ibagnallaf@stanford.edu,Male,143.135.152.181,6:05 AM,1/8/2023,Human Resources
377,Tatum,Ungerechts,tungerechtsag@booking.com,Female,232.173.164.138,10:22 PM,4/29/2022,Support
378,Bail,Toun,btounah@intel.com,Bigender,0.232.51.98,6:18 PM,8/17/2022,Human Resources
379,Willi,Hollyman,whollymanai@wp.com,Male,224.29.25.20,3:23 PM,8/27/2022,Legal
380,Raymund,Arckoll,rarckollaj@dot.gov,Male,85.106.193.60,6:14 AM,2/1/2022,Accounting
381,Olive,McCloughen,omccloughenak@angelfire.com,Female,148.193.64.118,6:04 PM,1/3/2023,Accounting
382,Ursulina,Soggee,usoggeeal@lulu.com,Female,164.41.239.209,3:18 AM,11/1/2022,Legal
383,Ingar,Hakking,ihakkingam@wordpress.org,Male,147.255.218.233,7:34 PM,1/10/2023,Marketing
384,Bryant,Yalden,byaldenan@wp.com,Male,60.72.231.11,10:03 PM,5/22/2022,Sales
385,Drusilla,Castledine,dcastledineao@yelp.com,Female,1.38.89.30,8:59 PM,5/23/2022,Marketing
386,Francisco,Dobby,fdobbyap@dion.ne.jp,Male,143.86.181.91,1:42 PM,8/16/2022,Business Development
387,Dolph,Stobo,dstoboaq@sourceforge.net,Male,124.70.218.188,2:01 PM,11/5/2022,Accounting
388,Eddie,Armor,earmorar@gizmodo.com,Female,98.2.119.156,2:45 AM,7/23/2022,Support
389,Chelsae,MacGillreich,cmacgillreichas@xing.com,Female,110.107.241.18,7:14 PM,11/14/2022,Research and Development
390,Andie,Gossipin,agossipinat@kickstarter.com,Male,21.200.79.127,2:46 PM,1/4/2023,Training
391,Raynor,Whooley,rwhooleyau@eventbrite.com,Male,210.203.223.10,4:34 AM,2/22/2022,Accounting
392,Hadrian,Jodlkowski,hjodlkowskiav@hc360.com,Male,243.133.180.145,12:18 PM,10/17/2022,Business Development
393,Valerye,Shalcros,vshalcrosaw@storify.com,Female,11.93.14.97,4:20 PM,1/19/2022,Human Resources
394,Arny,McKintosh,amckintoshax@liveinternet.ru,Male,0.59.159.140,11:24 PM,8/30/2022,Engineering
395,Buck,Kilius,bkiliusay@fc2.com,Male,180.250.201.6,11:35 PM,1/28/2022,Research and Development
396,Read,Pryce,rpryceaz@privacy.gov.au,Male,140.158.225.174,6:39 PM,10/3/2022,Marketing
397,Janette,Gathercole,jgathercoleb0@icq.com,Genderfluid,158.231.215.161,3:21 AM,12/4/2022,Accounting
398,Juli,Josephson,jjosephsonb1@cdc.gov,Female,87.93.110.249,9:44 AM,2/5/2022,Training
399,Colline,O'Kinedy,cokinedyb2@examiner.com,Female,211.196.237.85,6:31 AM,10/12/2022,Business Development
400,Mar,Kilby,mkilbyb3@diigo.com,Male,211.118.187.5,1:07 PM,9/17/2022,Accounting
401,Roslyn,Girardez,rgirardezb4@moonfruit.com,Female,253.204.195.37,6:56 PM,2/10/2022,Engineering
402,Stanly,McRuvie,smcruvieb5@illinois.edu,Male,36.159.194.100,7:13 AM,3/27/2022,Human Resources
403,Garrek,Kibby,gkibbyb6@feedburner.com,Male,112.236.209.30,4:55 PM,6/30/2022,Accounting
404,Virgilio,Coles,vcolesb7@sina.com.cn,Male,216.48.194.72,2:05 PM,2/28/2022,Engineering
405,Meris,Wharton,mwhartonb8@mysql.com,Female,182.243.133.133,6:54 PM,3/12/2022,Support
406,Kevyn,Diehn,kdiehnb9@hhs.gov,Female,64.239.76.48,8:54 AM,12/2/2022,Marketing
407,Cass,Barby,cbarbyba@privacy.gov.au,Male,149.221.82.214,8:24 AM,8/6/2022,Product Management
408,Michal,Hefford,mheffordbb@ning.com,Female,93.181.206.23,12:07 PM,1/14/2022,Services
409,Whitman,Erbe,werbebc@scribd.com,Male,188.239.53.92,5:22 AM,4/29/2022,Services
410,Em,Meneely,emeneelybd@skype.com,Male,248.58.250.240,2:29 AM,8/5/2022,Research and Development
411,Tiler,Kitchingman,tkitchingmanbe@list-manage.com,Bigender,178.19.186.208,2:57 PM,6/21/2022,Support
412,Menard,Vreede,mvreedebf@ucsd.edu,Male,175.241.99.83,10:41 AM,10/23/2022,Human Resources
413,Filippo,Hacker,fhackerbg@amazon.co.uk,Male,105.134.210.153,2:08 PM,10/20/2022,Legal
414,Loren,Savoury,lsavourybh@discovery.com,Male,51.25.32.201,2:09 AM,2/16/2022,Accounting
415,Thaddus,Crownshaw,tcrownshawbi@un.org,Male,182.87.135.86,9:58 PM,7/27/2022,Research and Development
416,Zilvia,Reboulet,zrebouletbj@pagesperso-orange.fr,Female,235.114.245.78,7:10 PM,12/15/2022,Legal
417,Rodolfo,Sharpin,rsharpinbk@canalblog.com,Male,127.39.118.222,9:20 PM,8/15/2022,Support
418,Camala,Musk,cmuskbl@cpanel.net,Female,247.99.198.59,3:03 PM,12/21/2022,Services
419,Daffi,Hebburn,dhebburnbm@theguardian.com,Female,242.140.174.128,10:43 PM,11/18/2022,Legal
420,Anselma,McGunley,amcgunleybn@cyberchimps.com,Female,216.34.92.182,11:40 AM,10/21/2022,Research and Development
421,Maynard,Lesek,mlesekbo@netvibes.com,Male,27.210.10.182,6:40 PM,9/26/2022,Sales
422,Saunder,Meakes,smeakesbp@slashdot.org,Male,114.218.23.137,1:22 AM,5/23/2022,Sales
423,Humfrey,Donavan,hdonavanbq@networksolutions.com,Male,157.58.173.135,9:12 AM,7/19/2022,Product Management
424,Lucretia,Skoof,lskoofbr@reference.com,Genderqueer,111.47.40.217,12:57 PM,1/23/2022,Support
425,Ozzie,Davidovitch,odavidovitchbs@newyorker.com,Male,126.18.176.6,6:46 AM,12/4/2022,Engineering
426,Bank,Dank,bdankbt@hibu.com,Male,33.12.210.88,11:27 PM,5/16/2022,Services
427,Theodore,Denmead,tdenmeadbu@blogtalkradio.com,Male,3.102.74.67,3:48 AM,3/23/2022,Sales
428,Albertina,Djurisic,adjurisicbv@sitemeter.com,Female,74.109.205.149,7:08 PM,5/15/2022,Research and Development
429,Kellen,Ahren,kahrenbw@bandcamp.com,Male,NULL,4:11 AM,9/30/2022,Sales
430,Martino,Russe,mrussebx@flavors.me,Male,NULL,6:01 PM,6/6/2022,Marketing
431,Cilka,Pettis,cpettisby@census.gov,Female,121.227.237.18,10:18 PM,8/9/2022,Research and Development
432,Edd,Odcroft,eodcroftbz@smugmug.com,Male,158.72.209.108,7:26 AM,9/16/2022,Human Resources
433,Denny,Graddon,dgraddonc0@amazon.co.uk,Male,128.95.183.116,12:54 PM,1/21/2022,Engineering
434,Jordon,Raun,jraunc1@huffingtonpost.com,Male,218.35.5.58,8:59 AM,8/28/2022,Business Development
435,Shanta,Dadd,sdaddc2@tinyurl.com,Female,219.194.23.177,7:09 AM,7/23/2022,Training
436,Berthe,Shingfield,bshingfieldc3@yandex.ru,Female,199.203.40.32,10:48 AM,9/23/2022,Human Resources
437,Arther,Liley,alileyc4@creativecommons.org,Male,179.128.52.230,12:03 AM,9/1/2022,Legal
438,Koralle,Andriss,kandrissc5@pinterest.com,Non-binary,207.157.91.68,9:41 PM,8/23/2022,Sales
439,Huntington,Sommerlin,hsommerlinc6@pcworld.com,Male,106.134.224.222,1:52 AM,4/17/2022,Marketing
440,Ira,Jozsa,ijozsac7@dailymotion.com,Agender,4.92.27.14,9:40 PM,9/27/2022,Business Development
441,Wayland,Scampion,wscampionc8@clickbank.net,Male,159.176.201.93,8:25 PM,8/21/2022,Services
442,Wallace,Foot,wfootc9@jalbum.net,Male,26.91.3.187,4:23 PM,11/20/2022,Accounting
443,Koral,Trousdale,ktrousdaleca@usatoday.com,Female,194.118.155.151,11:43 AM,6/11/2022,Research and Development
444,Ernestus,Mebs,emebscb@nhs.uk,Male,41.177.74.95,8:15 PM,1/26/2022,Research and Development
445,Ashleigh,McGrudder,amcgruddercc@umn.edu,Female,173.20.222.233,5:42 PM,8/2/2022,Accounting
446,Misha,Stoade,mstoadecd@narod.ru,Female,180.175.182.95,11:53 AM,5/22/2022,Training
447,Glynn,Perrelle,gperrellece@aboutads.info,Male,117.248.18.191,4:03 AM,5/16/2022,Training
448,Dru,Greader,dgreadercf@utexas.edu,Female,147.63.226.213,4:52 AM,6/21/2022,Product Management
449,Jan,Beddingham,jbeddinghamcg@yellowbook.com,Female,173.229.56.214,7:05 AM,3/6/2022,Business Development
450,Cass,Bunten,cbuntench@123-reg.co.uk,Male,48.114.148.217,8:51 PM,10/22/2022,Product Management
451,Pamelina,Pettingall,ppettingallci@intel.com,Female,61.66.108.75,8:44 PM,4/14/2022,Sales
452,Anstice,Chartre,achartrecj@list-manage.com,Female,98.149.7.59,9:13 AM,1/22/2022,Services
453,Giralda,Halfacre,ghalfacreck@sun.com,Female,135.244.148.10,5:04 PM,6/27/2022,Human Resources
454,Theodor,Rolingson,trolingsoncl@dagondesign.com,Male,52.9.22.124,1:10 AM,10/3/2022,Services
455,Willy,Roxbee,wroxbeecm@newyorker.com,Male,6.31.123.113,3:36 AM,6/11/2022,Business Development
456,Davine,Gutowski,dgutowskicn@eepurl.com,Female,160.191.242.145,12:06 AM,5/29/2022,Support
457,Korry,Calton,kcaltonco@yandex.ru,Female,111.142.140.57,11:09 AM,8/30/2022,Accounting
458,Chilton,Aldin,caldincp@yale.edu,Male,34.199.225.175,8:46 PM,9/19/2022,Legal
459,Portie,Darton,pdartoncq@quantcast.com,Male,85.235.111.190,8:05 AM,12/8/2022,Human Resources
460,Konstantine,Crean,kcreancr@pen.io,Male,165.15.85.241,4:51 AM,10/2/2022,Services
461,Cherri,MacMenamy,cmacmenamycs@trellian.com,Genderqueer,34.199.28.192,10:21 PM,1/22/2022,Accounting
462,Tamra,Lisciandri,tlisciandrict@google.nl,Female,52.138.238.125,4:02 AM,1/26/2022,Product Management
463,Chandra,Coales,ccoalescu@illinois.edu,Female,NULL,2:58 AM,9/19/2022,Services
464,Margarete,Pierse,mpiersecv@icq.com,Female,177.230.210.121,12:36 PM,5/7/2022,Research and Development
465,Carie,Swyer,cswyercw@tmall.com,Female,224.99.173.121,8:43 PM,2/3/2022,Product Management
466,Findley,Reedshaw,freedshawcx@yolasite.com,Male,140.254.121.253,6:58 AM,7/31/2022,Support
467,Robinet,Byforth,rbyforthcy@yandex.ru,Male,246.135.237.44,3:07 AM,11/10/2022,Support
468,Garwood,Blakeway,gblakewaycz@mail.ru,Male,200.114.91.45,4:37 PM,10/13/2022,Services
469,Opal,Sixsmith,osixsmithd0@oakley.com,Female,101.185.95.7,9:40 PM,5/16/2022,Training
470,Elsie,Bartolomeo,ebartolomeod1@mtv.com,Female,210.63.240.125,11:45 AM,11/2/2022,Human Resources
471,Marlin,Salmen,msalmend2@4shared.com,Male,116.87.107.74,8:50 PM,4/7/2022,Support
472,Tobin,Bolsover,tbolsoverd3@ucoz.ru,Male,237.50.60.122,6:38 PM,12/30/2022,Product Management
473,Sammy,Hawkyens,shawkyensd4@techcrunch.com,Bigender,10.69.210.232,12:43 AM,5/4/2022,Legal
474,Lammond,Lartice,llarticed5@squidoo.com,Male,122.53.151.169,10:27 PM,6/4/2022,Accounting
475,Huntley,Ormiston,hormistond6@sogou.com,Male,202.30.186.178,1:43 PM,9/28/2022,Product Management
476,Troy,Greet,tgreetd7@ted.com,Male,130.65.244.186,3:45 AM,4/15/2022,Legal
477,Cherin,Bartot,cbartotd8@mlb.com,Female,28.19.6.120,5:54 PM,8/6/2022,Services
478,Pru,Carnew,pcarnewd9@ifeng.com,Female,143.179.218.96,10:27 AM,4/9/2022,Product Management
479,Jerome,Emlin,jemlinda@altervista.org,Male,146.248.129.82,1:29 PM,11/19/2022,Training
480,Peirce,Stein,psteindb@parallels.com,Male,206.104.132.111,7:47 AM,7/16/2022,Product Management
481,Myrvyn,Marquiss,mmarquissdc@exblog.jp,Male,241.157.194.215,7:53 PM,4/15/2022,Sales
482,Odie,Fosdyke,ofosdykedd@example.com,Male,100.148.23.80,12:13 AM,8/7/2022,Services
483,Chelsae,Bartley,cbartleyde@opera.com,Female,216.85.249.198,1:59 PM,9/28/2022,Sales
484,Fern,Tait,ftaitdf@so-net.ne.jp,Female,                  138.176.89.121,10:39 AM,5/6/2022,Support
485,Bibby,Bonnyson,bbonnysondg@addthis.com,Female,                    215.156.205.195,7:13 AM,8/30/2022,Support
486,Maurise,Newham,mnewhamdh@vistaprint.com,Female,217.134.210.59,11:18 PM,2/7/2022,Human Resources
487,Hephzibah,Worral,hworraldi@state.gov,Female,                 28.182.214.75,1:19 AM,12/10/2022,Business Development
488,Corney,Blakely,cblakelydj@bizjournals.com,Male,196.131.227.42,12:59 PM,8/21/2022,Accounting
489,Rolph,Screen,rscreendk@vinaora.com,Male,186.197.71.181,5:54 PM,2/4/2022,Product Management
490,Fraze,Piggrem,fpiggremdl@bing.com,Male,115.205.218.214,9:00 PM,1/4/2023,Services
491,Dodie,Asif,dasifdm@omniture.com,Female,113.33.98.179,1:00 PM,5/15/2022,Sales
492,Cordula,Barnish,cbarnishdn@amazon.com,Female,236.145.43.145,8:47 AM,4/25/2022,Human Resources
493,Pepito,Gramer,pgramerdo@mozilla.org,Male,188.31.97.42,3:42 AM,8/15/2022,Marketing
494,Cate,Pietrzyk,cpietrzykdp@lycos.com,Female,81.40.215.62,11:13 PM,10/17/2022,Support
495,Berne,Drinkhill,bdrinkhilldq@sina.com.cn,Non-binary,44.170.114.74,10:36 PM,6/1/2022,Sales
496,Melessa,Peckett,mpeckettdr@oakley.com,Female,171.40.169.190,7:57 AM,7/4/2022,Business Development
497,Kevin,Barr,kbarrds@time.com,Male,90.2.184.112,5:09 PM,9/1/2022,Accounting
498,Berget,Dener,bdenerdt@usda.gov,Female,253.190.2.34                  ,1:42 AM,7/9/2022,Services
499,Alicia,Fawcus,afawcusdu@pcworld.com,Female,154.132.192.141                  ,11:23 AM,10/30/2022,Accounting
500,Clayborn,Merryman,cmerrymandv@wikispaces.com,Male,102.154.19.157               ,7:12 AM,6/7/2022,Business Development
501,Orlan,Nannizzi,onannizzidw@microsoft.com,Male,254.128.217.145,4:41 AM,8/20/2022,Training
502,Donnie,Day,ddaydx@usda.gov,Male,51.187.151.195,3:54 AM,5/19/2022,Business Development
503,Darrick,Jurisic,djurisicdy@admin.ch,Male,208.89.48.213,2:04 AM,3/21/2022,Legal
504,Micheal,Sprowles,msprowlesdz@nifty.com,Male,201.219.0.58,8:24 AM,4/8/2022,Training
505,Karna,Thamelt,kthamelte0@columbia.edu,Female,249.121.252.154,1:43 AM,11/19/2022,Engineering
506,Towney,Roffe,troffee1@live.com,Male,101.195.7.139,1:22 AM,4/26/2022,Support
507,Perice,Gollin,pgolline2@newyorker.com,Male,34.249.106.169,4:26 AM,10/2/2022,Accounting
508,Wilma,Ivetts,wivettse3@ezinearticles.com,Bigender,197.252.225.113,2:45 AM,10/22/2022,Sales
509,Siward,Stathor,sstathore4@unicef.org,Male,200.111.71.57,3:38 AM,1/6/2023,Sales
510,Rey,McDonnell,rmcdonnelle5@netscape.com,Female,152.134.191.11,9:52 PM,9/25/2022,Product Management
511,Corri,Aimeric,caimerice6@statcounter.com,Female,133.233.20.14,7:00 PM,1/12/2023,Accounting
512,Lucila,Satterlee,lsatterleee7@mail.ru,Female,91.253.226.251,8:13 AM,12/8/2022,Marketing
513,Darb,Macrow,dmacrowe8@hugedomains.com,Genderqueer,24.236.29.242,10:30 AM,7/29/2022,Marketing
514,Tiler,Carlsson,tcarlssone9@cdc.gov,Agender,118.140.21.202,5:48 PM,5/23/2022,Human Resources
515,Arthur,Secretan,asecretanea@opensource.org,Male,181.249.129.103,11:45 AM,5/6/2022,Product Management
516,Kenyon,Greenalf,kgreenalfeb@artisteer.com,Male,123.253.87.131,2:31 PM,4/18/2022,Training
517,Terencio,MacAnespie,tmacanespieec@delicious.com,Male,230.7.30.90,2:04 PM,12/25/2022,Marketing
518,Evin,Shoobridge,eshoobridgeed@printfriendly.com,Male,87.99.90.27,2:04 PM,8/26/2022,Marketing
519,Mignon,Sibyllina,msibyllinaee@facebook.com,Female,144.147.170.141,10:11 PM,5/2/2022,Marketing
520,Emanuele,Le Galle,elegalleef@paginegialle.it,Male,241.159.161.214,4:15 PM,11/10/2022,Product Management
521,Rozamond,Pentland,rpentlandeg@ebay.com,Female,72.26.60.1,2:26 AM,10/9/2022,Training
522,Griffin,Strass,gstrasseh@amazon.co.uk,Male,31.93.141.48,11:57 AM,7/11/2022,Human Resources
523,Hildegaard,Mardy,hmardyei@tripod.com,Female,182.237.217.69,2:46 PM,12/30/2022,Services
524,Rancell,Keele,rkeeleej@go.com,Male,215.25.75.149,3:46 AM,1/26/2022,Research and Development
525,Elena,Powrie,epowrieek@epa.gov,Female,8.210.253.91,3:55 PM,10/2/2022,Engineering
526,Fairfax,MacColl,fmaccollel@latimes.com,Male,163.192.135.2,2:50 AM,12/26/2022,Services
527,Mara,McKirdy,mmckirdyem@facebook.com,Female,154.36.22.125,8:35 PM,5/8/2022,Research and Development
528,Stacia,Reaper,sreaperen@nyu.edu,Female,124.50.208.150,2:07 AM,6/20/2022,Human Resources
529,Fraser,Epgrave,fepgraveeo@google.it,Male,103.251.186.89,2:23 AM,9/17/2022,Business Development
530,Solomon,Dilliston,sdillistonep@cbc.ca,Male,96.87.187.254,5:59 AM,12/10/2022,Research and Development
531,Jean,Banting,jbantingeq@creativecommons.org,Male,145.47.118.180,5:37 PM,3/28/2022,Marketing
532,Letta,Lightbourne,llightbourneer@sbwire.com,Female,122.57.79.175,9:27 AM,10/30/2022,Services
533,Alva,Batalle,abatallees@networkadvertising.org,Male,83.130.30.79,4:34 AM,4/24/2022,Engineering
534,Inge,Orleton,iorletonet@prnewswire.com,Female,51.177.186.81,3:02 PM,8/16/2022,Product Management
535,Carrie,Patchett,cpatchetteu@photobucket.com,Female,197.245.29.46,4:11 PM,9/10/2022,Training
536,Eugenius,Greenlies,egreenliesev@arstechnica.com,Genderqueer,117.140.239.225,1:38 PM,1/26/2022,Human Resources
537,Northrop,Chalice,nchaliceew@theatlantic.com,Male,246.109.229.140,3:11 PM,6/22/2022,Sales
538,Erskine,Breese,ebreeseex@icq.com,Genderfluid,145.98.39.64,7:05 AM,3/29/2022,Accounting
539,Lacie,Dagless,ldaglessey@slideshare.net,Female,30.98.180.102,5:55 AM,5/22/2022,Marketing
540,Doria,Fehners,dfehnersez@google.it,Female,142.40.24.29,6:24 PM,7/13/2022,Product Management
541,Hedvig,Franke,hfrankef0@cloudflare.com,Female,27.77.64.177,10:04 PM,6/25/2022,Support
542,Broddy,Collingwood,bcollingwoodf1@narod.ru,Male,71.161.126.52,6:52 AM,8/11/2022,Engineering
543,Batholomew,Govenlock,bgovenlockf2@parallels.com,Male,252.2.159.176,2:19 PM,4/26/2022,Support
544,Far,Trewett,ftrewettf3@soup.io,Male,69.73.126.172,1:34 AM,11/2/2022,Product Management
545,Hali,Knights,hknightsf4@bloglines.com,Female,217.24.39.111,11:40 PM,10/10/2022,Product Management
546,Melli,Maggiore,mmaggioref5@themeforest.net,Female,14.212.158.196,3:47 PM,9/4/2022,Legal
547,Tomasine,McBratney,tmcbratneyf6@wordpress.org,Female,50.115.164.57,6:54 AM,8/30/2022,Human Resources
548,Gian,Abdy,gabdyf7@sohu.com,Male,223.210.166.242,9:35 AM,1/31/2022,Training
549,Alane,Pirrie,apirrief8@dailymail.co.uk,Polygender,42.23.198.42,4:37 AM,7/27/2022,Product Management
550,Ina,Goodlud,igoodludf9@cbc.ca,Agender,115.98.3.159,3:54 PM,4/28/2022,Sales
551,Alvie,MacGibbon,amacgibbonfa@usgs.gov,Male,71.128.238.118,10:38 AM,4/17/2022,Training
552,Caritta,Sunner,csunnerfb@irs.gov,Female,167.225.18.127,10:47 PM,1/18/2022,Accounting
553,Merle,Ker,mkerfc@constantcontact.com,Male,87.95.169.222,10:58 PM,9/1/2022,Human Resources
554,Hulda,Dewire,hdewirefd@irs.gov,Agender,124.89.213.250,3:36 PM,10/24/2022,Product Management
555,Ignacio,McCartan,imccartanfe@fda.gov,Agender,107.38.48.198,2:38 PM,1/29/2022,Support
556,Gaylor,LLelweln,gllelwelnff@cocolog-nifty.com,Male,194.156.11.226,7:35 PM,3/12/2022,Research and Development
557,Enrica,De Ambrosis,edeambrosisfg@imageshack.us,Female,55.196.154.152,7:45 AM,5/13/2022,Marketing
558,Dominick,1,ddanforthfh@usnews.com,Male,70.58.190.223,3:51 AM,9/16/2022,Marketing
559,Chic,2,cmillierfi@miibeian.gov.cn,Polygender,136.165.124.11,4:04 PM,3/3/2022,Engineering
560,Ancell,10,amaplefj@nbcnews.com,Male,118.172.68.19,11:41 AM,7/8/2022,Business Development
561,Jenifer,11,jpicardofk@parallels.com,Female,21.196.178.164,8:52 PM,1/20/2022,Business Development
562,June,12,jstutelyfl@alibaba.com,Female,91.248.70.176,7:27 AM,4/24/2022,Engineering
563,Cleveland,Edmondson,cedmondsonfm@simplemachines.org,Male,164.223.2.31,10:41 AM,5/9/2022,Accounting
564,Vanessa,Tennison,vtennisonfn@canalblog.com,Female,246.75.138.45,8:25 PM,8/30/2022,Services
565,Filippo,Burtwell,fburtwellfo@wunderground.com,Male,211.97.123.190,7:14 PM,5/23/2022,Marketing
566,Mead,Pigne,mpignefp@twitpic.com,Female,175.194.102.11,1:42 PM,1/2/2023,Business Development
567,Wilburt,Vynehall,wvynehallfq@apple.com,Male,17.67.78.18,12:11 PM,10/17/2022,Business Development
568,Daryle,Moyne,dmoynefr@nytimes.com,Male,32.56.250.175,12:11 PM,11/3/2022,Accounting
569,Jerry,Purtell,jpurtellfs@phpbb.com,Male,98.185.122.171,4:21 PM,11/21/2022,Product Management
570,Kissiah,Yakubov,kyakubovft@chronoengine.com,Female,181.102.163.142,2:50 PM,2/1/2022,Product Management
571,Pablo,Chatteris,pchatterisfu@ox.ac.uk,Male,233.24.125.251,5:47 PM,11/12/2022,Training
572,Ennis,Derisly,ederislyfv@marketwatch.com,Male,120.4.115.145,4:57 AM,5/13/2022,Sales
573,Andreana,Coners,aconersfw@myspace.com,Female,147.237.73.77,5:11 AM,10/6/2022,Engineering
574,Demetre,McCann,dmccannfx@nature.com,Male,9.48.35.16,4:58 PM,10/8/2022,Legal
575,Erna,Shakeshaft,eshakeshaftfy@t-online.de,Female,3.240.107.213,7:32 AM,3/16/2022,Accounting
576,Hermina,Golland,hgollandfz@twitpic.com,Female,57.179.56.32,7:51 PM,1/2/2023,Human Resources
577,Roxane,Blazey,rblazeyg0@blogspot.com,Female,173.227.160.242,1:21 AM,5/24/2022,Business Development
578,Alan,Sunnucks,asunnucksg1@csmonitor.com,Male,168.127.243.228,3:09 PM,5/9/2022,Sales
579,Aguste,Connar,aconnarg2@cpanel.net,Male,84.243.82.183,10:09 AM,2/27/2022,Sales
580,Thia,Creser,tcreserg3@etsy.com,Female,160.94.183.105,4:20 PM,1/14/2022,Engineering
581,Reagan,Learoid,rlearoidg4@webnode.com,Male,206.139.19.119,4:39 AM,12/3/2022,Product Management
582,Becki,Lebrun,blebrung5@theguardian.com,Female,162.138.230.119,9:51 AM,6/19/2022,Services
583,Haslett,Penner,hpennerg6@51.la,Polygender,186.139.133.54,3:08 AM,2/7/2022,Services
584,Shanta,Warner,swarnerg7@diigo.com,Female,41.245.89.44,7:13 PM,7/17/2022,Human Resources
585,Bud,Camois,bcamoisg8@tamu.edu,Male,241.64.119.69,8:08 AM,8/5/2022,Research and Development
586,Rosita,Harbin,rharbing9@webeden.co.uk,Female,28.22.224.48,7:36 PM,2/21/2022,Business Development
587,Jilli,23,jyongga@microsoft.com,Female,195.127.239.239,5:09 PM,11/17/2022,Engineering
588,Constantina,Teanby,cteanbygb@ft.com,Female,105.2.26.38,2:25 PM,12/26/2022,Engineering
589,See,Rickerd,srickerdgc@state.tx.us,Male,229.209.169.105,8:36 PM,4/11/2022,Product Management
590,Ty,Acres,tacresgd@ameblo.jp,Male,96.8.192.46,5:02 PM,8/5/2022,Engineering
591,Georgianna,Bullerwell,gbullerwellge@techcrunch.com,Female,164.198.250.86,7:00 AM,4/29/2022,Research and Development
592,Jerry,Bernucci,jbernuccigf@disqus.com,Female,168.46.103.20,7:05 PM,7/1/2022,Human Resources
593,Gannie,Layborn,glayborngg@wiley.com,Male,167.206.251.32,9:11 PM,5/11/2022,Business Development
594,Ruth,Pitone,rpitonegh@wisc.edu,Female,39.28.12.6,5:45 AM,8/8/2022,Services
595,Sela,Redwall,sredwallgi@wikipedia.org,Female,92.197.135.54,5:16 AM,9/10/2022,Support
596,Johan,Gazey,jgazeygj@omniture.com,Male,193.107.47.168,5:50 AM,4/19/2022,Human Resources
597,Nicholle,Bestwall,nbestwallgk@kickstarter.com,Female,55.254.162.0,6:15 AM,7/15/2022,Business Development
598,Conn,Harcombe,charcombegl@blogspot.com,Male,204.104.46.186,4:45 PM,6/30/2022,Business Development
599,Sholom,Chalice,schalicegm@latimes.com,Male,120.192.223.98,10:27 AM,4/28/2022,Services
600,Goldy,Hebbard,ghebbardgn@soundcloud.com,Female,125.202.133.55,1:56 PM,7/6/2022,Services
601,Myrtice,Elsmore,melsmorego@amazon.de,Agender,144.217.181.117,5:03 AM,6/28/2022,Business Development
602,Tiffanie,Trussell,ttrussellgp@tiny.cc,Female,245.186.129.69,10:54 PM,9/8/2022,Accounting
603,Kristos,Wanstall,kwanstallgq@ustream.tv,Male,226.215.76.100,10:27 AM,7/5/2022,Services
604,Sharl,Wiffen,swiffengr@noaa.gov,Female,63.110.148.154,7:27 PM,11/12/2022,Human Resources
605,Nanette,Littledyke,nlittledykegs@dmoz.org,Female,44.98.143.161,1:48 PM,10/23/2022,Services
606,Fulton,Eborn,feborngt@forbes.com,Male,117.224.212.121,4:58 PM,10/16/2022,Accounting
607,Annora,Kiss,akissgu@biglobe.ne.jp,Female,198.41.150.245,8:10 AM,9/3/2022,Business Development
608,Kalie,Casemore,kcasemoregv@usa.gov,Female,52.19.148.205,10:12 PM,9/8/2022,Services
609,Modesty,Waddup,mwaddupgw@intel.com,Bigender,238.218.97.49,12:32 PM,2/8/2022,Legal
610,Mareah,Sowle,msowlegx@etsy.com,Female,120.15.163.129,7:18 AM,8/2/2022,Business Development
611,Nadiya,Naisby,nnaisbygy@hp.com,Genderfluid,220.205.191.9,5:54 AM,4/8/2022,Legal
612,Frederica,Galia,fgaliagz@independent.co.uk,Female,80.55.254.47,2:12 PM,7/24/2022,Marketing
613,Agnese,Spellar,aspellarh0@wunderground.com,Female,13.111.200.72,5:15 PM,10/30/2022,Human Resources
614,Kizzee,Rubberts,krubbertsh1@wordpress.com,Female,172.158.18.197,2:26 PM,10/12/2022,Marketing
615,Aron,Basley,abasleyh2@hibu.com,Male,221.79.226.109,1:50 PM,7/18/2022,Support
616,Isaac,Canby,icanbyh3@harvard.edu,Male,208.146.141.54,2:56 AM,3/26/2022,Human Resources
617,Welsh,Kirsche,wkirscheh4@spiegel.de,Male,160.98.228.86,6:51 AM,9/11/2022,Support
618,Inglebert,Phillipps,iphillippsh5@theglobeandmail.com,Male,245.67.73.131,2:26 AM,1/10/2023,Support
619,Christian,Nickoles,cnickolesh6@columbia.edu,Male,40.86.37.228,6:00 AM,11/19/2022,Accounting
620,Bree,Todari,btodarih7@bing.com,Female,141.36.52.78,4:16 PM,2/24/2022,Business Development
621,Ronnie,Alyokhin,ralyokhinh8@bbb.org,Male,184.148.142.249,10:30 AM,5/15/2022,Accounting
622,Ginni,Lopez,glopezh9@nasa.gov,Female,152.169.46.163,7:34 AM,8/19/2022,Sales
623,Marlo,Bainton,mbaintonha@infoseek.co.jp,Female,250.22.188.130,6:22 AM,9/11/2022,Engineering
624,Miguela,Pettingall,mpettingallhb@goodreads.com,Female,249.163.191.206,5:38 PM,12/23/2022,Research and Development
625,Josefina,Bohea,jboheahc@scientificamerican.com,Female,253.168.67.111,6:59 AM,11/10/2022,Support
626,Tom,Heggs,theggshd@linkedin.com,Male,235.173.112.7,9:01 AM,3/7/2022,Support
627,Floyd,Ianittello,fianittellohe@biglobe.ne.jp,Male,154.236.99.120,10:24 PM,2/13/2022,Training
628,York,Abrahmson,yabrahmsonhf@hexun.com,Male,163.128.149.41,7:07 AM,2/8/2022,Services
629,Finn,Readings,freadingshg@walmart.com,Male,130.242.17.194,7:43 AM,11/9/2022,Business Development
630,Mirabelle,Shailer,mshailerhh@google.pl,Female,14.201.109.56,10:44 PM,9/24/2022,Training
631,Rosaleen,Sysland,rsyslandhi@icq.com,Female,212.214.94.164,2:28 AM,11/17/2022,Sales
632,Valera,Barrat,vbarrathj@businesswire.com,Female,38.62.123.11,7:17 AM,3/18/2022,Support
633,Silvana,Patman,spatmanhk@nba.com,Female,24.29.91.74,5:58 AM,6/24/2022,Human Resources
634,Win,Bernt,wbernthl@soundcloud.com,Genderqueer,64.26.34.109,11:47 PM,6/3/2022,Training
635,Kanya,Akerman,kakermanhm@examiner.com,Bigender,27.222.116.9,12:53 AM,7/10/2022,Engineering
636,Manolo,Pawlicki,mpawlickihn@google.ru,Male,64.196.184.107,1:53 PM,6/4/2022,Services
637,Danielle,Niccols,dniccolsho@posterous.com,Female,88.40.107.133,10:04 AM,5/31/2022,Business Development
638,Benson,Rannigan,branniganhp@europa.eu,Male,40.255.101.240,5:17 PM,8/25/2022,Services
639,Carie,Cornels,ccornelshq@360.cn,Female,183.148.76.5,8:15 PM,6/6/2022,Marketing
640,Yetty,Kiltie,ykiltiehr@toplist.cz,Female,231.141.97.41,11:12 AM,7/29/2022,Services
641,Rosalyn,Hawe,rhawehs@istockphoto.com,Female,109.87.198.179,2:54 PM,6/21/2022,Research and Development
642,Caritta,Harrow,charrowht@eepurl.com,Female,61.224.217.117,2:35 PM,5/13/2022,Training
643,Augustus,Dunston,adunstonhu@auda.org.au,Male,119.113.172.70,5:28 PM,11/2/2022,Research and Development
644,Shelley,Durrans,sdurranshv@ezinearticles.com,Male,136.194.215.113,5:12 AM,9/17/2022,Human Resources
645,Rudyard,Dayce,rdaycehw@tripod.com,Male,179.190.254.104,9:45 AM,4/28/2022,Training
646,Babb,Ivanusyev,bivanusyevhx@list-manage.com,Female,172.204.194.129,9:25 AM,10/2/2022,Research and Development
647,Sholom,Meininger,smeiningerhy@shutterfly.com,Male,55.119.82.147,11:46 PM,10/30/2022,Sales
648,Clarice,Adie,cadiehz@hostgator.com,Female,151.58.1.109,7:12 AM,8/7/2022,Research and Development
649,Sabina,Fransoni,sfransonii0@hao123.com,Female,108.51.111.88,3:40 PM,12/13/2022,Sales
650,Joey,Ruppertz,jruppertzi1@blogs.com,Female,68.87.245.181,10:18 AM,11/25/2022,Support
651,Hermon,MacCart,hmaccarti2@odnoklassniki.ru,Male,54.246.101.143,1:38 AM,5/29/2022,Human Resources
652,Jerrome,Jouhandeau,jjouhandeaui3@yolasite.com,Male,146.10.254.141,9:37 AM,12/16/2022,Legal
653,Bunni,Dalli,bdallii4@comcast.net,Female,116.176.88.47,5:16 PM,6/3/2022,Training
654,Elbertine,Whitney,ewhitneyi5@forbes.com,Genderqueer,232.80.15.151,6:33 PM,11/25/2022,Accounting
655,Adi,Harsum,aharsumi6@nhs.uk,Female,252.51.191.29,3:58 PM,11/8/2022,Sales
656,Hoebart,Quinsee,hquinseei7@cbc.ca,Male,91.250.11.37,8:09 AM,4/10/2022,Business Development
657,Fey,Calderwood,fcalderwoodi8@myspace.com,Genderfluid,41.59.26.8,7:05 AM,1/21/2022,Business Development
658,Vaughn,Ties,vtiesi9@biblegateway.com,Male,64.29.236.90,11:01 PM,5/31/2022,Marketing
659,Bonny,Whilder,bwhilderia@edublogs.org,Female,86.32.45.100,10:20 PM,9/19/2022,Accounting
660,Rollie,MacAdam,rmacadamib@google.co.jp,Male,235.195.240.208,1:52 PM,10/27/2022,Accounting
661,Gretna,Frissell,gfrissellic@photobucket.com,Female,121.204.38.81,4:13 PM,5/4/2022,Training
662,Sigismund,Hylden,shyldenid@booking.com,Male,116.14.41.173,8:14 PM,11/23/2022,Research and Development
663,Chrisse,Borsi,cborsiie@msu.edu,Male,15.108.97.200,4:57 PM,10/14/2022,Research and Development
664,Bobbi,Pigney,bpigneyif@cpanel.net,Female,120.24.232.38,12:36 PM,7/28/2022,Training
665,Dolley,Brear,dbrearig@homestead.com,Female,203.7.136.30,12:11 AM,8/15/2022,Legal
666,Koralle,Scown,kscownih@indiatimes.com,Female,189.23.165.168,10:54 AM,10/17/2022,Services
667,Frazier,Antao,fantaoii@biblegateway.com,Male,0.204.9.68,2:59 PM,7/14/2022,Services
668,Jemmie,Yuryaev,jyuryaevij@weather.com,Female,0.89.99.130,3:09 PM,10/29/2022,Accounting
669,Lorette,Rockcliff,lrockcliffik@mayoclinic.com,Female,232.0.195.89,10:22 PM,10/3/2022,Research and Development
670,Haroun,Theuss,htheussil@ebay.co.uk,Bigender,242.200.192.208,9:00 AM,3/28/2022,Business Development
671,Kin,Kynforth,kkynforthim@issuu.com,Male,146.240.223.17,11:01 AM,12/4/2022,Services
672,Erskine,De Robertis,ederobertisin@ucla.edu,Male,253.242.77.197,10:12 AM,12/6/2022,Engineering
673,Alaine,Stivey,astiveyio@hubpages.com,Female,209.211.24.84,10:42 PM,9/20/2022,Business Development
674,Bastian,Andrini,bandriniip@redcross.org,Male,183.35.55.111,9:33 AM,4/19/2022,Services
675,Bondy,Ramsell,bramselliq@tmall.com,Male,102.189.84.105,6:11 AM,1/20/2022,Support
676,Cull,Lymer,clymerir@tripadvisor.com,Male,115.131.26.54,6:11 PM,7/21/2022,Business Development
677,Mahalia,Stanluck,mstanluckis@nyu.edu,Female,115.42.75.48,8:18 AM,1/24/2022,Product Management
678,Forster,Punch,fpunchit@cafepress.com,Male,141.107.39.223,6:09 PM,10/27/2022,Support
679,Teddy,Sutehall,tsutehalliu@printfriendly.com,Male,117.177.223.82,4:44 PM,7/4/2022,Research and Development
680,Midge,Daltrey,mdaltreyiv@home.pl,Female,228.228.210.45,9:11 AM,8/9/2022,Services
681,Lionel,Piff,lpiffiw@behance.net,Male,88.49.49.186,11:54 PM,2/13/2022,Training
682,Zahara,Kimbling,zkimblingix@digg.com,Female,160.243.97.41,11:36 AM,1/24/2022,Training
683,Giuditta,Swidenbank,gswidenbankiy@yellowbook.com,Female,158.203.153.183,5:41 AM,4/27/2022,Human Resources
684,Bronny,Stables,bstablesiz@wsj.com,Male,18.201.211.123,2:10 AM,4/2/2022,Human Resources
685,Kerry,Kerrey,kkerreyj0@w3.org,Female,91.22.5.0,12:52 AM,2/17/2022,Legal
686,Marcelia,Saby,msabyj1@telegraph.co.uk,Female,40.42.255.233,8:07 PM,1/23/2022,Product Management
687,Marley,Sappy,msappyj2@yellowbook.com,Female,195.175.231.76,3:58 AM,11/15/2022,Training
688,Nicky,Biffin,nbiffinj3@vinaora.com,Agender,135.35.89.184,2:30 PM,8/14/2022,Product Management
689,Cos,Gaukroger,cgaukrogerj4@theguardian.com,Male,40.184.86.143,3:04 AM,1/14/2022,Research and Development
690,Adara,Powelee,apoweleej5@nih.gov,Female,252.137.104.246,10:23 PM,1/17/2022,Accounting
691,Ayn,Jepensen,ajepensenj6@imageshack.us,Female,179.149.12.56,8:39 AM,1/7/2023,Accounting
692,Andi,Gricks,agricksj7@netvibes.com,Female,162.157.156.170,11:21 AM,4/11/2022,Business Development
693,Saundra,Guillon,sguillonj8@t-online.de,Non-binary,155.223.243.83,7:52 PM,1/27/2022,Marketing
694,Fanya,Davisson,fdavissonj9@weibo.com,Female,65.88.183.170,12:32 AM,12/18/2022,Training
695,Marshal,Maling,mmalingja@a8.net,Male,195.104.0.107,4:32 PM,1/21/2022,Product Management
696,Tedi,Cello,tcellojb@nba.com,Female,141.208.255.162,10:14 AM,11/14/2022,Support
697,Carie,de Marco,cdemarcojc@ox.ac.uk,Female,141.126.214.108,12:15 PM,9/18/2022,Services
698,Eva,Ortler,eortlerjd@upenn.edu,Female,134.191.70.33,8:36 PM,2/8/2022,Training
699,Dominique,Murtagh,dmurtaghje@topsy.com,Female,3.218.247.56,8:36 PM,7/22/2022,Engineering
700,Giorgio,Stagg,gstaggjf@paypal.com,Male,17.196.81.114,7:07 PM,9/1/2022,Research and Development
701,Shandra,Touret,stouretjg@virginia.edu,Female,163.172.253.60,4:44 PM,2/15/2022,Product Management
702,Horacio,Ossulton,hossultonjh@howstuffworks.com,Agender,3.209.152.82,6:12 PM,8/19/2022,Human Resources
703,Sid,Mossom,smossomji@hibu.com,Male,103.32.235.254,6:51 PM,5/20/2022,Accounting
704,Myron,Bruhnicke,mbruhnickejj@scientificamerican.com,Male,11.42.73.230,2:17 AM,4/28/2022,Engineering
705,Tabitha,Santostefano.,tsantostefanojk@ca.gov,Female,138.28.53.68,5:40 PM,10/13/2022,Product Management
706,Joela,Bernadzki,jbernadzkijl@dyndns.org,Female,158.125.115.189,5:53 PM,1/10/2023,Human Resources
707,Lois,Merchant,lmerchantjm@intel.com,Female,130.220.116.206,7:31 PM,2/16/2022,Research and Development
708,Opalina,Lilbourne,olilbournejn@a8.net,Female,182.44.187.121,10:41 PM,12/10/2022,Sales
709,Ines,Minette,iminettejo@over-blog.com,Female,151.78.160.142,4:33 AM,6/10/2022,Business Development
710,Seth,Danick,sdanickjp@comcast.net,Male,46.83.163.122,12:05 AM,3/2/2022,Sales
711,Shirline,Scaplehorn,sscaplehornjq@wikipedia.org,Female,242.131.133.245,8:54 PM,5/12/2022,Business Development
712,Garvy,Wadmore,gwadmorejr@mapquest.com,Male,238.224.22.163,2:55 AM,7/10/2022,Product Management
713,Niccolo,Bumford,nbumfordjs@addtoany.com,Male,246.129.54.100,9:41 PM,1/2/2023,Engineering
714,Evey,Mathis,emathisjt@github.io,Female,96.231.142.38,6:12 AM,6/4/2022,Human Resources
715,Bonnibelle,Arminger,31,Female,228.137.103.85,10:03 AM,7/6/2022,Accounting
716,Corbett,Iley,33,Male,98.217.125.29,12:42 AM,9/27/2022,Services
717,Neda,Dollard,35,Female,96.191.49.198,10:54 PM,8/9/2022,Research and Development
718,Chuck,Steel,csteeljx@jugem.jp,Male,225.218.20.45,6:02 AM,7/18/2022,Training
719,Carroll,Goodram,cgoodramjy@sakura.ne.jp,Male,166.57.66.12,5:05 AM,10/22/2022,Marketing
720,Dania,Tarry,dtarryjz@discovery.com,Female,120.81.85.151,2:44 AM,11/21/2022,Engineering
721,Emmet,Cardenosa,ecardenosak0@constantcontact.com,Male,11.234.64.113,3:20 AM,3/12/2022,Sales
722,Van,Roelofs,vroelofsk1@wp.com,Male,240.87.4.191,10:08 AM,11/24/2022,Services
723,Cirillo,Timothy,ctimothyk2@mit.edu,Male,86.84.57.56,9:28 PM,7/20/2022,Business Development
724,Eryn,Bonett,ebonettk3@nifty.com,Female,82.227.120.84,6:53 PM,5/25/2022,Legal
725,Alvie,Mabbitt,amabbittk4@walmart.com,Male,140.137.19.9,2:41 PM,6/27/2022,Accounting
726,Isaiah,Matitiaho,imatitiahok5@amazon.co.uk,Male,83.251.38.138,7:24 PM,4/18/2022,Engineering
727,Griffy,Weigh,gweighk6@ucla.edu,Male,56.91.236.127,9:01 AM,8/15/2022,Marketing
728,Kalindi,Spinnace,kspinnacek7@dot.gov,Female,158.61.238.225,3:52 PM,4/1/2022,Accounting
729,Eldon,Musgrave,emusgravek8@deliciousdays.com,Male,234.117.201.102,3:32 PM,2/26/2022,Legal
730,Pennie,Buttriss,pbuttrissk9@paginegialle.it,Male,102.205.34.146,8:03 PM,1/25/2022,Support
731,Derick,Chapiro,dchapiroka@technorati.com,Male,136.124.137.7,5:20 PM,2/21/2022,Product Management
732,Friedrick,Meadus,fmeaduskb@dell.com,Male,33.182.46.212,10:58 AM,3/25/2022,Training
733,Freddy,Yeaman,fyeamankc@usgs.gov,Female,224.145.134.107,2:49 PM,5/20/2022,Business Development
734,Ivar,Fillan,ifillankd@whitehouse.gov,Agender,148.177.103.190,6:05 PM,9/4/2022,Engineering
735,Percival,Webley,pwebleyke@taobao.com,Male,171.143.93.87,12:31 AM,1/23/2022,Research and Development
736,Paige,Scheu,pscheukf@clickbank.net,Female,60.10.75.72,8:30 AM,11/4/2022,Marketing
737,Elbert,Dunnett,edunnettkg@accuweather.com,Male,134.17.215.91,8:57 PM,5/9/2022,Business Development
738,Lucina,Morales,lmoraleskh@bizjournals.com,Female,118.114.196.201,3:34 PM,12/28/2022,Product Management
739,Aura,Bartens,abartenski@a8.net,Female,244.181.60.28,1:43 PM,9/21/2022,Accounting
740,Lishe,Bauldrey,lbauldreykj@indiegogo.com,Female,235.226.243.132,11:02 PM,1/23/2022,Business Development
741,Cari,Thomann,cthomannkk@123-reg.co.uk,Female,111.210.155.44,4:11 AM,1/22/2022,Support
742,Retha,Bartkiewicz,rbartkiewiczkl@mysql.com,Female,39.10.44.42,12:25 AM,8/23/2022,Product Management
743,Katee,Sandiford,ksandifordkm@taobao.com,Female,40.129.149.227,10:16 AM,11/21/2022,Marketing
744,Gardie,Rattenberie,grattenberiekn@opensource.org,Male,5.55.141.247,12:20 AM,10/16/2022,Training
745,Carlota,Jullian,cjullianko@mozilla.org,Female,228.184.87.81,6:15 AM,3/5/2022,Sales
746,Lynde,Helgass,lhelgasskp@aol.com,Female,47.29.64.90,2:52 PM,12/24/2022,Legal
747,Earl,Scholig,escholigkq@amazon.co.uk,Male,10.200.122.13,12:40 AM,6/23/2022,Product Management
748,Paulina,Draxford,pdraxfordkr@elpais.com,Female,27.193.31.175,4:14 AM,8/23/2022,Human Resources
749,Farrel,MacRinn,fmacrinnks@fotki.com,Male,231.38.192.88,6:01 AM,5/14/2022,Sales
750,Lotta,Birkbeck,lbirkbeckkt@patch.com,Female,77.155.15.79,7:51 AM,5/12/2022,Support
751,Jackelyn,Portis,jportisku@theglobeandmail.com,Female,109.76.62.233,6:41 AM,9/11/2022,Sales
752,Kania,Le Grove,klegrovekv@amazon.de,Female,39.190.95.163,8:47 PM,2/9/2022,Marketing
753,Billie,Helstrip,bhelstripkw@home.pl,Female,126.148.240.65,4:05 AM,12/10/2022,Human Resources
754,Arabel,Maddock,amaddockkx@hao123.com,Female,226.36.105.151,4:14 AM,9/25/2022,Services
755,Sibbie,Charlot,scharlotky@cdbaby.com,Female,182.72.153.48,8:07 PM,11/9/2022,Engineering
756,Urson,Lord,ulordkz@t-online.de,Male,159.253.249.238,1:57 AM,1/26/2022,Marketing
757,Ardyth,Jumeau,ajumeaul0@quantcast.com,Female,192.233.172.250,8:58 PM,3/5/2022,Training
758,Arnuad,Lourenco,alourencol1@nhs.uk,Male,102.159.199.171,11:38 AM,11/12/2022,Research and Development
759,Megen,Haddacks,mhaddacksl2@independent.co.uk,Female,140.204.121.38,12:46 AM,9/1/2022,Accounting
760,Forrest,Membry,fmembryl3@accuweather.com,Male,250.210.204.75,7:08 AM,2/22/2022,Engineering
761,Kincaid,Melhuish,kmelhuishl4@unicef.org,Non-binary,224.178.30.156,2:39 PM,7/22/2022,Research and Development
762,Hermina,Benedito,hbeneditol5@discuz.net,Female,72.38.235.159,9:00 PM,11/9/2022,Accounting
763,Sonya,Heiton,sheitonl6@yahoo.com,Female,153.129.176.213,8:39 AM,8/19/2022,Services
764,Chaunce,Torrecilla,ctorrecillal7@infoseek.co.jp,Male,98.208.242.188,6:08 AM,3/20/2022,Support
765,Billy,Beves,bbevesl8@mysql.com,Male,46.27.185.75,6:08 PM,12/20/2022,Business Development
766,Eileen,Dollen,edollenl9@cbsnews.com,Female,107.13.31.31,1:41 PM,9/7/2022,Marketing
767,Edeline,Knyvett,eknyvettla@a8.net,Polygender,120.92.39.114,1:28 PM,4/5/2022,Human Resources
768,Sutton,Mityashev,smityashevlb@usatoday.com,Male,213.184.8.196,4:54 AM,12/15/2022,Training
769,Helga,Maass,hmaasslc@zimbio.com,Female,33.80.65.244,9:12 AM,12-30-2022,Research and Development
770,Hew,Allbut,hallbutld@technorati.com,Male,32.219.0.113,9:24 PM,3-21-2022,Legal
771,Janey,Ren,jrenle@newsvine.com,Female,213.154.168.246,8:30 PM,3-28-2022,Legal
772,Dari,Waything,dwaythinglf@webnode.com,Female,199.255.175.111,5:55 AM,10/24/2022,Engineering
773,Jenilee,Fellowes,jfelloweslg@walmart.com,Female,66.108.255.239,8:41 AM,4/15/2022,Accounting
774,Nelly,Shepherdson,nshepherdsonlh@deliciousdays.com,Female,160.112.99.122,11:08 AM,9/16/2022,Training
775,Rosemaria,Tideswell,rtideswellli@zimbio.com,Female,150.103.1.110,1:31 AM,6/21/2022,Services
776,Boone,Beauchop,bbeauchoplj@cisco.com,Male,152.81.50.191,9:22 PM,5/27/2022,Services
777,Cyrille,Skellon,cskellonlk@cocolog-nifty.com,Male,107.164.16.248,9:01 PM,10/23/2022,Product Management
778,Mauricio,Gaynesford,mgaynesfordll@tripod.com,Male,191.164.160.127,2:02 PM,4/11/2022,Product Management
779,Irwinn,Sepey,isepeylm@quantcast.com,Male,230.67.251.38,9:46 PM,12/2/2022,Accounting
780,Nerita,Gallaher,ngallaherln@histats.com,Female,143.237.90.76,8:39 PM,2/2/2022,Support
781,Andy,Guitel,aguitello@prweb.com,Male,222.247.101.106,5:11 AM,2/22/2022,Accounting
782,Terrye,Marco,tmarcolp@columbia.edu,Female,232.83.113.180,5:39 PM,11/14/2022,Human Resources
783,Sadie,Hull,shulllq@dion.ne.jp,Female,151.223.248.83,2:35 PM,10/31/2022,Marketing
784,Kalila,Goly,kgolylr@hostgator.com,Female,169.83.102.7,11:20 AM,1/22/2022,Human Resources
785,Shana,Suero,ssuerols@blog.com,Female,52.163.218.124,5:39 PM,3/19/2022,Accounting
786,Carlin,Humfrey,chumfreylt@drupal.org,Female,59.117.68.0,10:25 PM,10/3/2022,Human Resources
787,Sallee,Penelli,spenellilu@mail.ru,Female,226.166.99.21,1:19 PM,4/12/2022,Marketing
788,Rafi,Emett,remettlv@furl.net,Male,170.20.52.12,9:15 AM,5/28/2022,Support
789,Moira,Nunns,mnunnslw@amazon.co.jp,Female,22.207.68.235,3:31 AM,1/26/2022,Engineering
790,Karim,McDill,kmcdilllx@purevolume.com,Male,135.211.190.117,9:50 PM,5/27/2022,Marketing
791,Sukey,Banat,sbanatly@fotki.com,Female,198.147.230.122,5:41 PM,5/19/2022,Business Development
792,Randie,Tommasetti,rtommasettilz@bandcamp.com,Bigender,244.148.108.162,10:10 AM,7/26/2022,Services
793,Gert,Lainge,glaingem0@privacy.gov.au,Female,167.254.114.241,8:50 PM,8/3/2022,Accounting
794,Esta,Pitsall,epitsallm1@simplemachines.org,Female,98.42.35.39,12:18 AM,2/20/2022,Business Development
795,Hebert,Niemetz,hniemetzm2@google.co.uk,Male,90.19.245.233,4:03 PM,5/12/2022,Services
796,Stanton,Hitzschke,shitzschkem3@mit.edu,Male,129.86.31.117,6:27 AM,6/10/2022,Business Development
797,Maurie,Overall,moverallm4@guardian.co.uk,Male,208.191.55.193,6:19 PM,7/21/2022,Accounting
798,Elias,Goom,egoomm5@last.fm,Male,165.236.28.145,6:15 AM,2/16/2022,Services
799,Berti,Biaggelli,bbiaggellim6@huffingtonpost.com,Male,182.100.230.164,6:16 PM,3/13/2022,Human Resources
800,Elyssa,Kleinmintz,ekleinmintzm7@hubpages.com,Female,222.25.24.111,9:03 PM,7/13/2022,Engineering
801,Derrick,Patmore,dpatmorem8@cdbaby.com,Male,245.207.111.208,4:00 AM,8/5/2022,Engineering
802,Yolane,Woofendell,ywoofendellm9@issuu.com,Female,108.143.128.111,4:03 AM,7/3/2022,Sales
803,Mavra,Van der Beek,mvanderbeekma@bandcamp.com,Female,58.180.146.75,3:38 PM,10/30/2022,Accounting
804,Allx,Pipes,apipesmb@wsj.com,Female,237.196.45.82,1:56 AM,1/20/2022,Engineering
805,Jaquelin,Watkin,jwatkinmc@unicef.org,Female,162.69.192.75,1:31 PM,2022-02-10,Support
806,Ola,Herrieven,oherrievenmd@mtv.com,Polygender,15.16.109.75,6:28 PM,2022-08-06,Training
807,Maynard,Golsby,mgolsbyme@istockphoto.com,Male,72.81.7.245,7:53 AM,7/28/2022,Marketing
808,Maison,Metcalfe,mmetcalfemf@digg.com,Male,103.212.202.143,12:29 AM,3/13/2022,Engineering
809,Christean,Culbard,cculbardmg@pagesperso-orange.fr,Female,121.67.35.37,9:51 AM,12/31/2022,Product Management
810,Clemence,Viger,cvigermh@gnu.org,Female,216.77.226.194,1:21 AM,5/20/2022,Product Management
811,Farlee,Camois,fcamoismi@bloglines.com,Male,111.184.53.99,5:00 AM,1/3/2023,Marketing
812,Allin,Schimke,aschimkemj@unicef.org,Male,152.103.131.1,8:09 PM,1/25/2022,Engineering
813,Emerson,Maes,emaesmk@sogou.com,Male,253.148.166.240,5:48 AM,3/15/2022,Training
814,Gardener,Serjeantson,gserjeantsonml@cmu.edu,Genderfluid,55.221.210.37,6:32 PM,11/17/2022,Research and Development
815,Willie,Robart,wrobartmm@icio.us,Male,63.190.155.87,12:02 PM,12/2/2022,Engineering
816,Zeb,Seagar,zseagarmn@ning.com,Male,74.27.151.64,4:54 AM,6/19/2022,Research and Development
817,Agnella,Kidd,akiddmo@ocn.ne.jp,Female,229.197.224.210,8:35 AM,1/14/2022,Sales
818,Bertha,Baxter,bbaxtermp@freewebs.com,Female,85.244.241.170,5:34 AM,12/20/2022,Services
819,Orson,Tuckett,otuckettmq@columbia.edu,Male,87.213.119.226,2:57 AM,9/5/2022,Services
820,Margarette,Labrone,mlabronemr@ehow.com,Female,43.99.151.216,2:33 AM,5/12/2022,Support
821,Danika,Steadman,dsteadmanms@altervista.org,Female,13.210.249.235,4:36 PM,4/12/2022,Marketing
822,Leanor,O'Shavlan,loshavlanmt@mtv.com,Female,151.208.229.228,6:48 AM,6/2/2022,Accounting
823,Swen,Maddocks,smaddocksmu@mlb.com,Male,236.223.41.47,12:07 AM,2/1/2022,Engineering
824,Cherilynn,Clinning,cclinningmv@parallels.com,Female,63.23.172.247,12:57 PM,3/24/2022,Business Development
825,Brewster,Aulton,baultonmw@blinklist.com,Male,247.5.192.80,10:36 AM,10/27/2022,Services
826,Bradney,Torald,btoraldmx@barnesandnoble.com,Male,111.242.81.93,12:02 PM,11/22/2022,Accounting
827,Nathanil,Mandry,nmandrymy@clickbank.net,Male,66.145.7.17,9:36 PM,8/13/2022,Accounting
828,Mariann,Chambers,mchambersmz@cam.ac.uk,Female,23.191.63.199,9:20 PM,3/17/2022,Human Resources
829,Herve,Digginson,hdigginsonn0@skyrock.com,Male,155.33.22.148,1:05 AM,11/6/2022,Services
830,Lorrin,Fellini,lfellinin1@biglobe.ne.jp,Female,196.144.83.47,5:25 PM,4/19/2022,Accounting
831,Renaldo,Fantham,rfanthamn2@archive.org,Male,21.16.86.112,2:24 PM,4/7/2022,Legal
832,Vida,Carus,vcarusn3@theatlantic.com,Agender,208.174.32.234,8:18 AM,1/17/2022,Support
833,Kelsey,Olsson,kolssonn4@businesswire.com,Male,250.64.102.27,5:41 AM,9/20/2022,Accounting
834,Meier,Heaven,mheavenn5@google.fr,Male,98.55.2.20,8:40 PM,7/7/2022,Accounting
835,Davis,Hobble,dhobblen6@stumbleupon.com,Genderfluid,121.215.14.87,1:51 PM,5/15/2022,Human Resources
836,Shanda,Brunetti,sbrunettin7@eepurl.com,Female,25.80.239.157,6:37 PM,12/1/2022,Training
837,Mycah,Tordiffe,mtordiffen8@ibm.com,Male,119.15.192.5,10:38 AM,2/7/2022,Services
838,Benny,Dana,bdanan9@flickr.com,Male,36.34.141.145,6:33 AM,2/4/2022,Services
839,Markos,Goodbar,mgoodbarna@icio.us,Male,73.167.209.251,11:34 AM,1/19/2022,Business Development
840,Glynis,Becerra,gbecerranb@salon.com,Female,161.229.37.96,4:32 AM,5/11/2022,Legal
841,Zonnya,Figures,zfiguresnc@4shared.com,Female,234.208.103.118,4:59 PM,4/24/2022,Services
842,Luca,Amdohr,lamdohrnd@tuttocitta.it,Male,132.4.174.72,2:03 AM,7/29/2022,Human Resources
843,Jan,Sandells,jsandellsne@facebook.com,Male,37.242.184.45,1:41 AM,12/26/2022,Research and Development
844,Tami,Vannoort,tvannoortnf@lulu.com,Female,139.232.56.203,9:50 AM,6/3/2022,Services
845,Torr,Eggleston,tegglestonng@reddit.com,Male,78.176.91.120,1:47 AM,7/13/2022,Marketing
846,Karlee,Corneille,kcorneillenh@ocn.ne.jp,Female,142.168.38.64,10:20 AM,12/26/2022,Human Resources
847,Bronnie,Chagg,bchaggni@va.gov,Male,115.86.83.169,7:15 AM,4/25/2022,Engineering
848,Efrem,Hurndall,ehurndallnj@1und1.de,Male,22.235.144.123,5:45 AM,8/31/2022,Accounting
849,Brier,Dowthwaite,bdowthwaitenk@businesswire.com,Female,36.214.118.172,2:37 AM,3/21/2022,Support
850,Lincoln,Nannini,lnannininl@vimeo.com,Male,9.159.50.80,5:26 AM,3/20/2022,Support
851,Marline,Blewett,mblewettnm@liveinternet.ru,Female,246.217.206.38,3:58 AM,3/27/2022,Business Development
852,Krishnah,Kassel,kkasselnn@typepad.com,Male,60.17.231.220,3:50 PM,1/27/2022,Training
853,Taite,Snowling,tsnowlingno@blogs.com,Male,225.101.85.25,5:42 AM,9/1/2022,Business Development
854,Clerc,Walkinshaw,cwalkinshawnp@imdb.com,Male,81.174.52.209,3:53 PM,4/10/2022,Product Management
855,Lennard,Edinborough,ledinboroughnq@businessweek.com,Male,146.91.95.100,5:38 AM,5/14/2022,Marketing
856,Sileas,Brayshay,sbrayshaynr@netlog.com,Female,121.204.114.132,6:07 PM,12/2/2022,Support
857,Tracee,Deddum,tdeddumns@pen.io,Genderfluid,185.161.173.176,2:59 PM,9/4/2022,Legal
858,Courtnay,Birtle,cbirtlent@prlog.org,Male,144.13.162.66,3:28 PM,5/5/2022,Training
859,Tynan,Barcke,tbarckenu@indiatimes.com,Male,14.139.254.35,2:40 PM,9/24/2022,Training
860,Jeremie,Meacher,jmeachernv@vinaora.com,Male,47.87.80.221,10:06 AM,3/6/2022,Research and Development
861,Dacey,Kolinsky,dkolinskynw@cargocollective.com,Female,119.247.236.50,4:28 PM,7/6/2022,Accounting
862,Zacherie,Kliement,zkliementnx@dot.gov,Male,207.46.235.195,4:19 PM,6/23/2022,Sales
863,Boothe,St. Queintain,bstqueintainny@zdnet.com,Male,89.70.38.253,11:59 AM,1/22/2022,Training
864,Vassily,Ovington,vovingtonnz@ucsd.edu,Male,162.192.149.2,10:07 PM,11/11/2022,Legal
865,Jocelyn,Hendin,jhendino0@nyu.edu,Agender,228.12.84.75,5:11 AM,9/24/2022,Human Resources
866,Fowler,Mabbett,fmabbetto1@sitemeter.com,Male,82.68.65.118,5:03 AM,12/24/2022,Services
867,Ashlie,Fransinelli,afransinellio2@amazon.co.jp,Female,198.127.53.39,7:01 AM,12/28/2022,Legal
868,Alano,Georg,ageorgo3@sogou.com,Male,192.150.150.125,2:02 AM,4/28/2022,Accounting
869,Forrester,Bland,fblando4@youku.com,Male,208.105.253.147,10:17 PM,3/15/2022,Marketing
870,Towny,Newick,tnewicko5@google.com.hk,Male,58.98.61.98,5:16 PM,12/24/2022,Services
871,Adolphus,Maleby,amalebyo6@elpais.com,Male,242.171.21.236,12:23 PM,9/7/2022,Human Resources
872,Timothee,Kinset,tkinseto7@about.com,Male,64.253.83.138,5:21 PM,6/21/2022,Product Management
873,Hurleigh,Aasaf,haasafo8@blogger.com,Male,126.15.176.151,4:30 PM,2/21/2022,Marketing
874,Rosita,Parlour,rparlouro9@geocities.jp,Female,29.113.24.170,9:35 AM,11/10/2022,Engineering
875,Christean,Hamner,chamneroa@facebook.com,Non-binary,49.98.52.234,2:57 PM,3/5/2022,Training
876,Clayborne,Van Schafflaer,cvanschafflaerob@census.gov,Male,201.8.232.78,2:17 PM,12/1/2022,Human Resources
877,Florrie,Kemmish,fkemmishoc@cbc.ca,Female,87.224.81.126,6:14 AM,6/1/2022,Legal
878,Lek,Combes,lcombesod@sun.com,Male,180.74.247.18,7:34 PM,9/5/2022,Product Management
879,Edwina,Dunmore,edunmoreoe@youtu.be,Female,45.14.224.127,4:40 AM,2/15/2022,Legal
880,Enrico,Goom,egoomof@mtv.com,Male,174.233.238.134,7:45 AM,8/3/2022,Product Management
881,Tiffanie,Ioannou,tioannouog@bizjournals.com,Female,27.76.103.112,12:07 PM,1/6/2023,Legal
882,West,Shernock,wshernockoh@simplemachines.org,Male,207.78.70.11,9:34 AM,6/1/2022,Engineering
883,Devon,Vales,dvalesoi@biblegateway.com,Female,201.184.47.135,6:27 AM,8/6/2022,Business Development
884,Charley,Murton,cmurtonoj@buzzfeed.com,Male,110.63.235.49,8:50 AM,4/12/2022,Product Management
885,Rici,Seagar,rseagarok@tinypic.com,Female,62.109.123.43,3:41 PM,10/31/2022,Sales
886,Olivero,Snel,osnelol@webmd.com,Male,235.228.100.242,4:11 PM,3/20/2022,Business Development
887,Shauna,Leverington,sleveringtonom@statcounter.com,Female,253.172.20.144,7:48 PM,2/17/2022,Legal
888,Pascal,Podmore,ppodmoreon@nasa.gov,Male,239.156.115.73,1:09 AM,9/10/2022,Human Resources
889,Carlyle,Mazey,cmazeyoo@blogtalkradio.com,Male,204.18.81.140,7:48 AM,4/8/2022,Accounting
890,Morissa,Andrzejak,mandrzejakop@tripadvisor.com,Agender,99.182.198.193,3:27 AM,9/19/2022,Human Resources
891,Free,Zimmerman,fzimmermanoq@scribd.com,Male,239.195.170.4,9:10 PM,9/10/2022,Product Management
892,Joseph,Handman,jhandmanor@bbc.co.uk,Male,15.129.44.160,1:42 AM,12/26/2022,Legal
893,Sabrina,Reckus,sreckusos@baidu.com,Female,151.89.171.44,12:59 AM,9/6/2022,Sales
894,Catharine,Wynne,cwynneot@berkeley.edu,Female,16.11.231.89,4:06 AM,4/24/2022,Human Resources
895,Tildi,Mattersey,tmatterseyou@yolasite.com,Female,207.138.219.193,5:11 AM,5/28/2022,Legal
896,Berty,Retchford,bretchfordov@zdnet.com,Male,152.186.177.0,2:54 PM,8/23/2022,Engineering
897,Malorie,Callicott,mcallicottow@cyberchimps.com,Female,149.33.217.255,9:41 PM,8/19/2022,Support
898,Wallace,Caltun,wcaltunox@ameblo.jp,Polygender,94.241.59.156,4:27 AM,12/23/2022,Training
899,Hallsy,Yitzhak,hyitzhakoy@wordpress.com,Male,44.115.118.34,5:18 PM,5/31/2022,Business Development
900,Jeff,Sute,jsuteoz@globo.com,Male,30.164.173.208,1:37 AM,6/13/2022,Support
901,Talyah,Grissett,tgrissettp0@sitemeter.com,FEMALE,150.168.30.4,4:18 AM,3/29/2022,Research and Development
902,Lena,Meletti,lmelettip1@jalbum.net,FEMALE,205.138.80.111,5:03 PM,9/20/2022,Services
903,Adelaida,Emloch,aemlochp2@goo.ne.jp,Polygender,130.156.76.111,8:46 PM,10/25/2022,Services
904,Alaster,Sheldrake,asheldrakep3@drupal.org,Male,153.132.39.76,9:17 AM,8/11/2022,Support
905,Melisa,Yabsley,myabsleyp4@skype.com,FEMALE,248.189.31.237,4:56 AM,5/18/2022,Marketing
906,Craggy,Worling,cworlingp5@networksolutions.com,Male,156.65.124.206,3:00 PM,3/22/2022,Training
907,Britt,Oddey,boddeyp6@sbwire.com,FEMALE,122.191.9.54,12:15 PM,7/25/2022,Business Development
908,Ibby,Dampney,idampneyp7@fc2.com,FEMALE,16.66.232.83,11:30 PM,5/22/2022,Legal
909,Kristan,Fippe,kfippep8@nydailynews.com,FEMALE,190.226.145.141,8:59 PM,8/19/2022,Training
910,Rani,Gallager,rgallagerp9@goo.gl,FEMALE,152.91.82.158,3:52 AM,10/9/2022,Marketing
911,Cynde,Eastope,ceastopepa@amazon.co.uk,FEMALE,58.11.4.213,6:59 PM,4/18/2022,Engineering
912,Brendon,Caistor,bcaistorpb@google.com,Male,209.229.94.39,12:37 AM,10/8/2022,Support
913,Seana,Baswall,sbaswallpc@meetup.com,Female,219.64.55.101,11:26 PM,4/4/2022,Legal
914,Krissie,Tant,ktantpd@webs.com,Female,217.46.105.59,1:10 PM,4/1/2022,Business Development
915,Quent,Mushet,qmushetpe@gov.uk,Male,184.216.132.47,5:08 PM,1/18/2022,Research and Development
916,Jerad,Orpyne,jorpynepf@independent.co.uk,Male,226.57.194.157,8:39 AM,10/29/2022,Support
917,Cosme,Keysall,ckeysallpg@google.de,Male,66.58.20.175,9:18 AM,7/21/2022,Research and Development
918,Zarla,Boom,zboomph@elegantthemes.com,Female,135.13.141.129,4:32 AM,1/22/2022,Support
919,Albert,Goring,agoringpi@sphinn.com,Male,235.167.89.116,6:00 PM,4/22/2022,Services
920,Winonah,Earles,wearlespj@xinhuanet.com,Female,229.69.201.133,12:47 PM,2/25/2022,Engineering
921,Merry,Shippam,mshippampk@scientificamerican.com,Male,92.132.35.139,2:23 AM,10/18/2022,Business Development
922,Marjorie,Mc Pake,mmcpakepl@etsy.com,Female,232.250.74.87,10:58 AM,8/6/2022,Support
923,Donny,Penvarne,dpenvarnepm@goodreads.com,Male,1.91.68.46,7:39 AM,1/8/2023,Engineering
924,Kristy,Abbatucci,kabbatuccipn@nbcnews.com,Female,254.226.156.76,6:58 AM,9/4/2022,Business Development
925,Esta,Nano,enanopo@va.gov,Genderfluid,196.173.147.128,2:07 PM,7/4/2022,Research and Development
926,Moselle,Blunden,mblundenpp@mozilla.com,Female,138.250.78.121,11:21 PM,1/14/2022,Sales
927,Cammy,Struttman,cstruttmanpq@mail.ru,Male,216.99.181.157,5:59 PM,2/15/2022,Research and Development
928,Burnard,Gove,bgovepr@paypal.com,Male,178.12.204.200,6:47 PM,1/23/2022,Sales
929,Jasmina,Songer,jsongerps@plala.or.jp,Female,197.157.67.162,8:56 PM,9/17/2022,Training
930,Doe,Morgue,dmorguept@tmall.com,Female,110.245.170.157,6:51 AM,6/20/2022,Support
931,Briano,Chardin,bchardinpu@wp.com,Male,79.33.200.147,8:02 PM,8/15/2022,Support
932,Mona,Lunck,mlunckpv@t-online.de,Female,54.154.208.150,10:36 PM,6/14/2022,Support
933,Etienne,Gobel,egobelpw@gov.uk,Male,72.231.254.91,1:30 PM,1/18/2022,Accounting
934,Willy,Simao,wsimaopx@netlog.com,Male,105.16.131.157,4:40 AM,5/8/2022,Legal
935,Dorotea,Stovine,dstovinepy@shinystat.com,Female,116.70.214.0,5:10 AM,6/12/2022,Marketing
936,Artemas,Spens,aspenspz@lulu.com,Male,247.55.74.39,12:01 PM,2/13/2022,Accounting
937,Stephannie,Elsby,selsbyq0@java.com,Female,215.197.94.11,8:07 PM,10/14/2022,Services
938,Janeva,Sanja,jsanjaq1@pagesperso-orange.fr,Female,26.183.57.76,1:59 AM,6/26/2022,Product Management
939,Denny,Rosenblatt,drosenblattq2@kickstarter.com,Genderqueer,131.21.3.57,8:05 PM,12/1/2022,Accounting
940,Molly,Gyngyll,mgyngyllq3@people.com.cn,Female,60.119.85.67,2:21 AM,10/29/2022,Human Resources
941,Shirleen,Waddy,swaddyq4@friendfeed.com,Female,0.63.8.75,5:42 AM,10/26/2022,Human Resources
942,Zacharie,Raunds,zraundsq5@blogtalkradio.com,Male,51.250.69.54,7:36 PM,2/24/2022,Product Management
943,Lindsey,Beadell,lbeadellq6@sbwire.com,Male,143.168.144.125,10:01 AM,1/3/2023,Services
944,Vance,Louca,vloucaq7@amazon.co.jp,Male,147.19.35.163,11:10 AM,5/25/2022,Training
945,Grazia,Odam,godamq8@zimbio.com,Female,189.111.27.223,1:22 AM,2/27/2022,Engineering
946,Cesya,Basili,cbasiliq9@cbslocal.com,Female,103.6.212.209,12:02 AM,10/22/2022,Business Development
947,Pincas,Brimming,pbrimmingqa@java.com,Male,43.15.253.101,6:26 PM,7/11/2022,Engineering
948,Baron,Duprey,bdupreyqb@de.vu,Male,206.108.251.57,4:49 PM,7/2/2022,Support
949,Bernie,Spaice,bspaiceqc@discovery.com,Female,247.30.148.36,2:48 PM,11/7/2022,Human Resources
950,Livia,Skehens,lskehensqd@google.es,Female,134.0.155.103,6:32 AM,1/1/2023,Business Development
951,Brandais,McGaffey,bmcgaffeyqe@epa.gov,Female,64.153.148.85,2:41 PM,5/13/2022,Marketing
952,Shawn,Holliar,sholliarqf@marketwatch.com,Female,178.7.215.34,6:08 PM,5/14/2022,Legal
953,Tierney,Westwood,twestwoodqg@altervista.org,Female,177.244.158.171,5:25 PM,6/9/2022,Support
954,Lenard,Adrianello,ladrianelloqh@twitter.com,Male,253.43.197.206,11:06 AM,5/4/2022,Engineering
955,Dionisio,Mayes,dmayesqi@uiuc.edu,Male,232.185.223.224,1:22 AM,1/1/2023,Legal
956,Ellswerth,Twydell,etwydellqj@wiley.com,Genderqueer,163.115.234.144,1:17 PM,1/4/2023,Marketing
957,Skipper,Mair,smairqk@digg.com,Male,16.169.138.250,10:25 PM,8/3/2022,Support
958,Bethena,Marusik,bmarusikql@youku.com,Female,179.186.157.56,9:29 AM,12/9/2022,Accounting
959,Andriette,Dimitriou,adimitriouqm@bing.com,Female,90.29.67.221,7:25 PM,12/18/2022,Legal
960,Gates,Blackstock,gblackstockqn@hhs.gov,Female,206.95.109.189,10:10 AM,10/7/2022,Services
961,Leslie,Collelton,lcolleltonqo@nsw.gov.au,Male,107.138.59.247,3:15 AM,7/22/2022,Support
962,Elvin,Von Hindenburg,evonhindenburgqp@mysql.com,Male,147.50.204.183,4:34 PM,5/7/2022,Business Development
963,Ruby,Dunster,rdunsterqq@diigo.com,Male,5.58.210.28,7:39 AM,4/22/2022,Human Resources
964,Matthias,Painswick,mpainswickqr@foxnews.com,Male,228.178.3.206,4:58 AM,7/25/2022,Business Development
965,Elise,Cossey,ecosseyqs@i2i.jp,Female,192.118.70.88,5:26 PM,11/30/2022,Engineering
966,Lazaro,Lovelock,llovelockqt@nationalgeographic.com,Male,229.160.99.101,5:06 PM,12/27/2022,Engineering
967,Ayn,Garden,agardenqu@symantec.com,Female,134.91.166.85,6:26 AM,10/10/2022,Legal
968,Iver,Ullett,iullettqv@timesonline.co.uk,Male,92.215.169.163,10:32 AM,4/9/2022,Support
969,Ainsley,Milne,amilneqw@jiathis.com,Female,164.179.19.211,2:02 PM,11/17/2022,Human Resources
970,Demetris,Ruslen,druslenqx@netlog.com,Male,45.140.123.11,6:41 PM,7/12/2022,Research and Development
971,Casar,Foxall,cfoxallqy@ibm.com,Male,178.208.134.242,8:52 AM,8/20/2022,Sales
972,Eachelle,Sapsforde,esapsfordeqz@cbsnews.com,Female,47.19.236.252,9:42 AM,12/15/2022,Business Development
973,Basilius,Nicholls,bnichollsr0@51.la,Genderfluid,67.186.250.244,10:28 AM,6/1/2022,Support
974,Evy,Welton,eweltonr1@de.vu,Female,206.238.186.124,2:11 PM,11/24/2022,Sales
975,Dione,Robbey,drobbeyr2@dailymotion.com,Female,212.30.120.145,6:42 PM,11/13/2022,Services
976,Marya,Bamborough,mbamboroughr3@nps.gov,Female,226.51.16.136,1:56 AM,12/21/2022,Training
977,Cherlyn,Craxford,ccraxfordr4@goodreads.com,Female,28.246.164.200,9:14 AM,2/22/2022,Marketing
978,Shelly,Jossel,sjosselr5@bloglovin.com,Female,202.225.179.169,2:15 AM,5/30/2022,Training
979,Emelia,Taggart,etaggartr6@unesco.org,Female,156.214.66.250,8:31 AM,4/14/2022,Legal
980,Pembroke,Delamar,pdelamarr7@columbia.edu,Bigender,255.173.154.145,10:02 AM,6/30/2022,Product Management
981,Aaren,Bare,abarer8@wsj.com,Female,170.168.12.96,5:37 AM,3/5/2022,Services
982,Willis,Thorsen,wthorsenr9@biglobe.ne.jp,Male,64.126.236.102,10:28 AM,9/5/2022,Business Development
983,Melita,Frosdick,mfrosdickra@dagondesign.com,Genderfluid,191.94.208.28,10:36 PM,2/7/2022,Sales
984,Laraine,Novotne,lnovotnerb@multiply.com,Female,116.236.206.94,10:04 AM,6/18/2022,Sales
985,Sela,Lies,sliesrc@godaddy.com,Non-binary,25.28.20.215,11:43 AM,7/31/2022,Engineering
986,Beverly,Bartleet,bbartleetrd@home.pl,Genderqueer,221.173.121.71,9:17 AM,7/20/2022,Human Resources
987,Gillian,Pochon,gpochonre@de.vu,Female,200.76.94.237,7:53 PM,5/18/2022,Accounting
988,Cosette,Mulberry,cmulberryrf@linkedin.com,Female,79.51.150.149,1:31 PM,10/16/2022,Legal
989,Brad,Goldup,bgolduprg@google.pl,Male,104.227.47.44,6:27 AM,1/7/2023,Human Resources
990,Prescott,Thackston,pthackstonrh@google.ru,Male,19.248.180.153,8:59 AM,12/12/2022,Services
991,Allister,McAndrew,amcandrewri@marketwatch.com,Male,6.228.40.60,9:47 PM,4/23/2022,Sales
992,Gasparo,Maydwell,gmaydwellrj@creativecommons.org,Male,255.207.91.13,4:48 PM,9/19/2022,Product Management
993,Janette,Dahlbom,jdahlbomrk@google.cn,Female,149.104.34.225,3:44 PM,5/22/2022,Research and Development
994,Humfrey,Claughton,hclaughtonrl@hud.gov,Male,27.111.167.201,5:19 PM,10/28/2022,Legal
995,Feliza,Winsper,fwinsperrm@chicagotribune.com,Female,169.21.89.192,2:56 PM,8/13/2022,Support
996,Phedra,Canavan,pcanavanrn@un.org,Female,212.209.244.34,4:49 AM,7/12/2022,Business Development
997,Grete,Matzl,gmatzlro@latimes.com,Agender,161.52.241.3,6:32 PM,7/9/2022,Business Development
998,Barth,Touson,btousonrp@state.tx.us,Male,32.103.152.230,9:35 PM,1/12/2023,Services
999,Pietro,Wippermann,pwippermannrq@barnesandnoble.com,Genderqueer,55.23.126.68,12:16 PM,5/30/2022,Product Management
1000,Randi,Agge,raggerr@cmu.edu,Male,105.29.125.189,10:42 PM,2/2/2022,Accounting
